WarehouseID,WarehouseName,WarehouseAddress,WarehouseCity,WarehouseArea,WarehouseZipCode,WarehousePhoneNumber,WarehouseArea_bins
1007,Costco #1007,242 Miller Ramp Apt. 230,North Jacqueline,1388.3,58541,225-8282,"1,000-2,000"
1011,Costco #1011,7586 Thomas Ports,West Anthony,1952.23,9208,774-4640,"1,000-2,000"
1018,Costco #1018,1106 Gray Valleys Apt. 657,Stevenmouth,1108.52,74322,183-3704,"1,000-2,000"
1119,Costco #1119,1210 Nathan Roads,West Meredith,1045.43,91114,828-5464,"1,000-2,000"
1150,Costco #1150,32249 Hampton Ridge Apt. 227,Smithberg,1870.67,87600,600-1020,"1,000-2,000"
1191,Costco #1191,597 Castaneda Lock,Jacksonshire,1630.82,53700,901-0919,"1,000-2,000"
1204,Costco #1204,245 Laura Tunnel Suite 494,Rebeccachester,1433,84240,555-1192,"1,000-2,000"
1214,Costco #1214,196 Foster Vista Suite 385,Onealborough,1338,80059,779-6472,"1,000-2,000"
1245,Costco #1245,6315 John Street,Codytown,1089.05,48007,434-8134,"1,000-2,000"
1271,Costco #1271,7410 Bridges Points,Mosleyhaven,1677.67,22026,305-2053,"1,000-2,000"
1279,Costco #1279,89096 Philip Walk Suite 932,Heathertown,1346.62,35936,313-6145,"1,000-2,000"
1306,Costco #1306,159 Craig Court Suite 111,East Eric,1593.04,48694,902-7494,"1,000-2,000"
1405,Costco #1405,5886 Camacho Circles Apt. 479,North Sandra,1825.89,92803,805-6451,"1,000-2,000"
1413,Costco #1413,3048 Matthew Loop,South Kevin,1151.79,79284,828-8300,"1,000-2,000"
1431,Costco #1431,00687 Harrington Place,Zacharymouth,1065.01,3727,890-9322,"1,000-2,000"
1471,Costco #1471,085 Mills Junctions,South Danielville,1468.97,44505,383-4002,"1,000-2,000"
1489,Costco #1489,2558 Sierra Islands Apt. 369,Bryanshire,1526.84,44228,532-0859,"1,000-2,000"
1509,Costco #1509,278 Jeffery Brook Apt. 972,North Jeffrey,1019.34,32313,111-7874,"1,000-2,000"
1512,Costco #1512,68201 Jonathan Grove Suite 422,Lake Katie,1215.73,6647,383-6531,"1,000-2,000"
1541,Costco #1541,5805 Colon Island,Murphychester,1796.37,24412,436-2810,"1,000-2,000"
1568,Costco #1568,9970 Thomas Mews,West Tina,1908.14,95783,034-8892,"1,000-2,000"
1630,Costco #1630,081 Ebony Road Suite 051,Poncebury,1419.84,78978,781-4837,"1,000-2,000"
1734,Costco #1734,064 Barrett Trail Suite 007,New Michaelland,1983.94,58645,209-6060,"1,000-2,000"
1749,Costco #1749,4723 Cheryl Green,Smithchester,1010.52,36373,620-5100,"1,000-2,000"
1766,Costco #1766,78070 Michael Forge Suite 846,Ashleytown,1577.23,46924,679-7902,"1,000-2,000"
1783,Costco #1783,201 Angela Ville Suite 833,Lake Steven,1031.28,47890,651-2284,"1,000-2,000"
1792,Costco #1792,116 Elizabeth Islands Apt. 830,Vegashire,1091.43,49724,101-8735,"1,000-2,000"
1827,Costco #1827,091 Perez Centers,Harringtonchester,1686.07,32040,739-6234,"1,000-2,000"
1830,Costco #1830,183 Morris Junctions Apt. 412,North Daniel,1706.59,7508,375-5293,"1,000-2,000"
1849,Costco #1849,42799 Whitney Port,Mcdonaldchester,1901.94,68208,011-8690,"1,000-2,000"
2024,Costco #2024,3309 Robin Hill Apt. 386,Frostshire,1818.24,76872,561-5256,"1,000-2,000"
2025,Costco #2025,58877 Parks Gateway Apt. 145,East Calvin,1219.3,22634,279-4977,"1,000-2,000"
2065,Costco #2065,81801 Hurst Meadows,Kristentown,1594.83,16139,611-4060,"1,000-2,000"
2087,Costco #2087,63636 Karen Villages,Davidchester,1181.51,31307,925-2541,"1,000-2,000"
2107,Costco #2107,542 Hood Groves Suite 977,Michaelport,1033.59,69672,264-1092,"1,000-2,000"
2116,Costco #2116,91174 Darren Locks,East Matthewchester,1439.92,6750,510-7010,"1,000-2,000"
2138,Costco #2138,79842 Lisa Avenue Apt. 850,Port Stephenport,1442.66,26339,031-4670,"1,000-2,000"
2139,Costco #2139,2275 Heather Mountain Apt. 499,Stephensville,1731.62,77592,446-1916,"1,000-2,000"
2147,Costco #2147,30827 Rodgers Shoals Apt. 833,Brendafort,1202.46,58451,630-2666,"1,000-2,000"
2160,Costco #2160,251 James Hill Apt. 166,West Samanthafurt,1039.23,44767,380-4038,"1,000-2,000"
2161,Costco #2161,2717 Lauren Creek,Ruizside,1206.62,38239,942-9684,"1,000-2,000"
2192,Costco #2192,4615 Walker Vista Apt. 813,New Stacy,1904.67,92377,739-8979,"1,000-2,000"
2233,Costco #2233,8271 Jasmine Trail Suite 727,New Reginald,1108.53,28040,906-8077,"1,000-2,000"
2264,Costco #2264,735 Wanda Valley Suite 439,Jessicashire,1014.41,44433,654-4246,"1,000-2,000"
2304,Costco #2304,56444 Glenn Shoal,Noahstad,1916.22,88157,273-6493,"1,000-2,000"
2416,Costco #2416,945 Joseph Grove,Butlertown,1925.11,64469,531-2541,"1,000-2,000"
2425,Costco #2425,230 Klein Burgs,South Amyton,1117.98,87460,547-6368,"1,000-2,000"
2509,Costco #2509,3532 John Ridges,North Laura,1739.52,29558,692-7795,"1,000-2,000"
2612,Costco #2612,407 Conley Ports,Toddshire,1332.38,21417,245-5863,"1,000-2,000"
2644,Costco #2644,0764 Michael Island Suite 681,East Seantown,1466.37,61009,322-0596,"1,000-2,000"
2656,Costco #2656,1137 Adams Mount,New Susan,1693.56,65481,303-0337,"1,000-2,000"
2658,Costco #2658,39062 Christopher Lock,Bryanthaven,1174.27,22960,798-0297,"1,000-2,000"
2691,Costco #2691,96710 Murray Ranch,Lake Janet,1597.19,4572,172-8399,"1,000-2,000"
2727,Costco #2727,543 Meadows Overpass Apt. 481,Guerraland,1011.53,29174,779-2016,"1,000-2,000"
2756,Costco #2756,6979 Chase Street Suite 599,Davidfurt,1424.88,91809,625-4816,"1,000-2,000"
2793,Costco #2793,9406 Mahoney Skyway,Port Jessicaland,1383.06,91108,829-3139,"1,000-2,000"
2913,Costco #2913,29495 Michelle Well Apt. 918,Laurafort,1335.81,20487,581-4422,"1,000-2,000"
2933,Costco #2933,93335 Katherine Lights,Gomezchester,1174.78,1393,477-8099,"1,000-2,000"
2966,Costco #2966,494 Franklin Fords Apt. 178,Tylerport,1679.69,37595,154-8206,"1,000-2,000"
2991,Costco #2991,46123 Kristine Fields Apt. 477,Suzannefort,1072.19,83332,344-6495,"1,000-2,000"
2996,Costco #2996,3247 Jordan Light Suite 896,Stephenhaven,1396.12,28913,807-7284,"1,000-2,000"
3000,Costco #3000,31563 Bennett Circles Suite 619,New Shelly,1283.34,97259,556-4566,"1,000-2,000"
3078,Costco #3078,5118 Jason Meadow Suite 592,Morrismouth,1867.03,66479,834-4864,"1,000-2,000"
3143,Costco #3143,6026 Bates Rue Apt. 008,Joshuaville,1438.24,84559,264-7271,"1,000-2,000"
3189,Costco #3189,06117 Jason Village Suite 485,New Clinton,1158.18,13227,367-1410,"1,000-2,000"
3211,Costco #3211,2768 Paul Shores Apt. 207,Gonzaleshaven,1930.15,56799,021-0624,"1,000-2,000"
3227,Costco #3227,2585 Martin Lodge,South Jesse,1987.62,79986,313-6376,"1,000-2,000"
3291,Costco #3291,194 Palmer Inlet Suite 092,Jessicaland,1179.43,2505,149-1113,"1,000-2,000"
3324,Costco #3324,861 Patterson Lights,East Todd,1547.43,38992,431-7272,"1,000-2,000"
3375,Costco #3375,46251 Poole Gateway,Donaldstad,1958.54,24970,496-3484,"1,000-2,000"
3410,Costco #3410,673 Burns Avenue,Rebekahton,1308.26,86110,325-4852,"1,000-2,000"
3443,Costco #3443,08233 Steven Junctions,Zacharyburgh,1519.72,69386,475-8666,"1,000-2,000"
3462,Costco #3462,79371 Michael Lake,North Brandiland,1622.8,26933,281-6549,"1,000-2,000"
3507,Costco #3507,7421 Myers Pine Suite 997,Bartonfort,1563.14,76105,317-3155,"1,000-2,000"
3513,Costco #3513,50254 Stafford Row Suite 426,Richardburgh,1583.98,47040,275-9583,"1,000-2,000"
3522,Costco #3522,84441 Brad Vista,Tammyburgh,1917.57,12678,653-8236,"1,000-2,000"
3533,Costco #3533,77125 Gibson Greens,West Sarahfort,1397.27,56988,437-4886,"1,000-2,000"
3588,Costco #3588,62070 Crystal Shoal Apt. 722,South Marc,1979.49,9951,330-4894,"1,000-2,000"
3605,Costco #3605,0977 Kelley Orchard Apt. 063,South Mary,1049.68,76278,486-5503,"1,000-2,000"
3635,Costco #3635,02756 Maria Via,Williestad,1439.87,72448,337-5934,"1,000-2,000"
3726,Costco #3726,87121 Perez Manors,Ronniefort,1268.97,81571,088-4694,"1,000-2,000"
3772,Costco #3772,54139 David Trace,South Daniel,1647.69,52113,950-0506,"1,000-2,000"
3806,Costco #3806,1619 Green Mountains,South Tammy,1153.1,83462,617-1587,"1,000-2,000"
3810,Costco #3810,292 Graham Course Apt. 515,Cherylview,1960.28,27010,580-1950,"1,000-2,000"
3825,Costco #3825,87020 Jennifer Pass Apt. 742,West Maria,1943.65,51048,699-2068,"1,000-2,000"
3868,Costco #3868,0005 Gordon Mission Apt. 508,Tapiachester,1089.99,89601,957-2398,"1,000-2,000"
3872,Costco #3872,72125 Elizabeth Isle Suite 138,Lake Joshua,1989.62,94187,146-3278,"1,000-2,000"
4012,Costco #4012,23052 Williams Gateway,New Brandon,1675.6,13827,515-9750,"1,000-2,000"
4066,Costco #4066,6572 Hess Hill,Lake Randy,1074.14,2778,813-8955,"1,000-2,000"
4077,Costco #4077,7434 Cameron Ford,South Valeriemouth,1404.14,51890,797-6033,"1,000-2,000"
4080,Costco #4080,279 Holmes Vista,Johnsonfurt,1566.25,47784,357-3802,"1,000-2,000"
4106,Costco #4106,299 Howe Junction,Tommyhaven,1619.18,9196,143-8701,"1,000-2,000"
4152,Costco #4152,856 Lee Pines,Karenburgh,1455.46,88700,218-7255,"1,000-2,000"
4155,Costco #4155,3557 Anderson Coves Apt. 715,East Jonathan,1014.72,44619,109-4992,"1,000-2,000"
4165,Costco #4165,195 Davenport Skyway Apt. 640,West Kristinmouth,1583.26,93563,226-8473,"1,000-2,000"
4181,Costco #4181,42296 Daniel Burgs,North Robertfort,1438.38,53713,915-8339,"1,000-2,000"
4207,Costco #4207,754 Michael Branch,Andersonside,1569.25,55689,928-2561,"1,000-2,000"
4236,Costco #4236,8940 Navarro Spring Suite 328,Lake Davidfort,1802.42,28739,275-0077,"1,000-2,000"
4252,Costco #4252,7804 Andrea Expressway,West Mariah,1651.58,61769,472-1337,"1,000-2,000"
4290,Costco #4290,597 Lauren Port Apt. 736,North Lauren,1543.84,44845,684-7124,"1,000-2,000"
4388,Costco #4388,9251 Julia Streets Apt. 000,Leonardmouth,1301.14,96760,026-8162,"1,000-2,000"
4391,Costco #4391,621 Ivan Mountain Suite 451,Port Vincent,1878.78,90004,258-8606,"1,000-2,000"
4407,Costco #4407,6739 Brooke Flats,Kennethside,1838.77,83040,910-5059,"1,000-2,000"
4418,Costco #4418,95225 Ricky Gardens,New Ariel,1079.66,82764,776-3978,"1,000-2,000"
4449,Costco #4449,53737 Oliver Mills Suite 375,New Brian,1536.7,80651,103-2029,"1,000-2,000"
4489,Costco #4489,41526 Christian Corner Suite 752,West Jamie,1321.41,16594,992-2387,"1,000-2,000"
4501,Costco #4501,2900 Hendrix Port Apt. 448,Amandaborough,1248.94,7993,245-6917,"1,000-2,000"
4614,Costco #4614,899 Amy Drives Apt. 699,West Melanieshire,1812.66,68318,539-2135,"1,000-2,000"
4658,Costco #4658,5163 Vincent Ports Suite 191,Edwardsstad,1095.27,76153,862-5726,"1,000-2,000"
4694,Costco #4694,82381 Ramirez Inlet Suite 130,New Brandyborough,1913,24395,713-8262,"1,000-2,000"
4713,Costco #4713,8662 Wendy Ridge,South Jennifer,1434.73,23081,926-2407,"1,000-2,000"
4747,Costco #4747,13710 Deborah Lodge Suite 914,Griffinborough,1898.4,17632,234-8757,"1,000-2,000"
4750,Costco #4750,81078 Johnson Brooks Suite 323,Port Sonya,1383.96,68726,613-8468,"1,000-2,000"
4764,Costco #4764,98107 Jones Ridges Apt. 523,Coxtown,1934.58,99143,784-3828,"1,000-2,000"
4805,Costco #4805,985 Hendricks Meadows,Jamieport,1660.45,20831,620-2058,"1,000-2,000"
4876,Costco #4876,21883 Williams Cliff Suite 939,Rachaelfort,1725.96,74381,496-1646,"1,000-2,000"
4894,Costco #4894,139 Bill Station Apt. 614,Campbellmouth,1082.32,85600,085-7458,"1,000-2,000"
4907,Costco #4907,6312 Stacey Station,West Shawntown,1916.24,77801,006-6255,"1,000-2,000"
4913,Costco #4913,9814 Rivera Extensions,Millerside,1429.75,14626,444-3645,"1,000-2,000"
4927,Costco #4927,311 Roger Run Suite 594,Port Chad,1144.09,75042,580-0563,"1,000-2,000"
5022,Costco #5022,50762 Steven Mill Apt. 974,Michelleport,1761.55,2372,867-9506,"1,000-2,000"
5157,Costco #5157,657 Haynes Lane Apt. 779,Lake Feliciaton,1456.23,27687,087-1373,"1,000-2,000"
5165,Costco #5165,0459 Erica Heights,Kathleenton,1293.32,2557,212-7339,"1,000-2,000"
5217,Costco #5217,2146 Rodriguez Walks,Lake Scott,1753.84,26825,569-3042,"1,000-2,000"
5243,Costco #5243,6242 Dominguez Keys,Jessicaville,1287.13,58755,748-4538,"1,000-2,000"
5278,Costco #5278,097 Page Island Apt. 481,Port Joshua,1394.36,91338,723-5031,"1,000-2,000"
5323,Costco #5323,879 Byrd Locks,Laurieton,1177.8,60333,632-4684,"1,000-2,000"
5442,Costco #5442,53780 Faulkner Knolls,West Jason,1553.49,63821,694-5278,"1,000-2,000"
5494,Costco #5494,32248 Carter Light Suite 847,Cristianfort,1355.3,50990,970-2739,"1,000-2,000"
5505,Costco #5505,663 Cole Plaza,South Crystalmouth,1459,71583,362-9793,"1,000-2,000"
5508,Costco #5508,79958 Julie Shores,East David,1637.43,9326,644-6456,"1,000-2,000"
5592,Costco #5592,62050 Lindsey Heights Suite 239,New Christian,1839.7,37324,277-2956,"1,000-2,000"
5646,Costco #5646,189 Edward Cove Apt. 772,Riverachester,1475.03,96717,244-9772,"1,000-2,000"
5666,Costco #5666,31707 Castillo Brook,Port Clintonland,1824.52,39376,372-0245,"1,000-2,000"
5730,Costco #5730,1134 Kerry Heights,Davisport,1263.96,63774,704-5513,"1,000-2,000"
5759,Costco #5759,2355 Andrew Cliff,East Markchester,1456.07,22879,769-8678,"1,000-2,000"
5762,Costco #5762,028 Mosley Cove Apt. 931,Cartermouth,1392.95,57462,151-9286,"1,000-2,000"
5763,Costco #5763,873 Woods Avenue,North Olivia,1506.97,99418,215-3847,"1,000-2,000"
5774,Costco #5774,0496 Maddox Meadow,Fishermouth,1427.38,79434,331-1192,"1,000-2,000"
5782,Costco #5782,915 Lewis Locks,Markburgh,1628.58,42291,369-0073,"1,000-2,000"
5803,Costco #5803,223 Buckley Path,Jordanland,1816.08,80039,171-7117,"1,000-2,000"
5831,Costco #5831,54223 Perez Crossroad,East Regina,1579,16084,055-9106,"1,000-2,000"
5853,Costco #5853,4223 Smith Knolls,Port Debra,1292.56,93699,730-0899,"1,000-2,000"
5873,Costco #5873,26161 Vega Vista,Lake Susan,1639.82,12456,960-1028,"1,000-2,000"
5921,Costco #5921,9447 Elizabeth Prairie,Reginaborough,1424.8,70900,246-1793,"1,000-2,000"
5925,Costco #5925,6290 David Points Suite 878,Tracieshire,1383.91,56391,688-3800,"1,000-2,000"
5980,Costco #5980,296 Martinez Mountains Suite 814,Alyssastad,1607.34,9390,753-1158,"1,000-2,000"
6011,Costco #6011,46517 Jack Gateway Suite 172,Lake Shane,1503.58,98582,290-0556,"1,000-2,000"
6016,Costco #6016,7726 Brian Mission,Taylorstad,1954.01,6149,014-8336,"1,000-2,000"
6021,Costco #6021,40442 Zavala Overpass,Christinechester,1262.95,39297,892-6351,"1,000-2,000"
6029,Costco #6029,16496 Carla Junction Apt. 718,Lake Anitaberg,1780.67,21000,711-4821,"1,000-2,000"
6072,Costco #6072,41426 Richard Centers Suite 558,South Christinestad,1272.69,14553,636-5032,"1,000-2,000"
6202,Costco #6202,86495 Jennifer Forges,New Brian,1823.21,98773,419-0614,"1,000-2,000"
6220,Costco #6220,61077 Soto Route Apt. 050,Johnbury,1862.94,44779,790-2176,"1,000-2,000"
6261,Costco #6261,9508 Phillips Village Apt. 948,East Christopher,1711.12,35700,747-3915,"1,000-2,000"
6272,Costco #6272,275 West Radial Apt. 628,New Jared,1190.8,48918,364-9096,"1,000-2,000"
6300,Costco #6300,15650 Toni Passage,Richardsside,1553.88,94320,701-7471,"1,000-2,000"
6323,Costco #6323,707 Lee Street,Mitchellburgh,1883.91,66631,049-9874,"1,000-2,000"
6374,Costco #6374,0723 Murphy Locks,Lake Chase,1196.83,33122,386-8555,"1,000-2,000"
6413,Costco #6413,00107 Garcia Track,Lake Michael,1016.97,62066,725-1938,"1,000-2,000"
6508,Costco #6508,2966 Ryan Curve Apt. 281,Hardingtown,1004.95,99838,762-4348,"1,000-2,000"
6575,Costco #6575,1647 Samuel Ramp Apt. 307,Jonathanfort,1455.73,52674,049-0824,"1,000-2,000"
6615,Costco #6615,647 Michael Cape,Lake Rebecca,1440.33,58243,236-9015,"1,000-2,000"
6628,Costco #6628,948 Gaines Ports Apt. 861,Lake Christine,1957.09,92581,435-1749,"1,000-2,000"
6658,Costco #6658,25730 Gonzalez Port,West Steven,1268.78,40275,046-9766,"1,000-2,000"
6708,Costco #6708,7796 Bryant Rest,Wyattchester,1262.34,28596,871-5212,"1,000-2,000"
6771,Costco #6771,80001 Davis Mews Apt. 913,Harrisfurt,1631.31,3961,814-7639,"1,000-2,000"
6796,Costco #6796,0801 Murillo Junction,Johnsonberg,1058.79,52333,814-4318,"1,000-2,000"
6836,Costco #6836,6143 Nicole Stream Apt. 785,North Susan,1822.69,5970,931-7212,"1,000-2,000"
6865,Costco #6865,43822 Hill Keys,Molinahaven,1445,98985,321-8810,"1,000-2,000"
6873,Costco #6873,5864 Lauren Glens,East Jamesshire,1362.56,25385,588-0944,"1,000-2,000"
6876,Costco #6876,1059 Brittany Isle,Edwardburgh,1268.29,34024,218-4116,"1,000-2,000"
6880,Costco #6880,16589 Cameron Road Apt. 519,Jacksonmouth,1304.6,68740,244-8014,"1,000-2,000"
6895,Costco #6895,42285 Davis Stream,West Richardchester,1638.65,21369,499-1648,"1,000-2,000"
6902,Costco #6902,5850 Welch Loaf,Lake Heatherfurt,1262.12,2968,460-8747,"1,000-2,000"
6913,Costco #6913,4744 Johnson Shores Apt. 229,Adamsside,1390.79,8202,125-4754,"1,000-2,000"
6930,Costco #6930,31235 Isaiah Greens Suite 144,Jordanchester,1210.54,18313,069-1981,"1,000-2,000"
6948,Costco #6948,6368 Ward Stream Suite 459,Laurenburgh,1427.64,21072,155-6387,"1,000-2,000"
6951,Costco #6951,0965 Kramer Ridge Apt. 653,Lake Christopher,1814.09,13450,776-2449,"1,000-2,000"
6978,Costco #6978,838 Anderson Center,Perezside,1636.24,3713,477-6865,"1,000-2,000"
7093,Costco #7093,250 Boyd Squares Suite 247,East Clarence,1380.59,40037,593-6126,"1,000-2,000"
7122,Costco #7122,67659 Michael Lights,East Seth,1987.75,24098,775-0698,"1,000-2,000"
7152,Costco #7152,0529 Joshua Port,New Monicaville,1018.36,54878,375-9078,"1,000-2,000"
7216,Costco #7216,05484 Henderson River,Toddmouth,1737.74,94578,849-1519,"1,000-2,000"
7230,Costco #7230,799 Oliver Crossing Suite 692,Campbellberg,1062.56,22216,518-9521,"1,000-2,000"
7242,Costco #7242,8584 Jeff Mountains,Carlsonbury,1061.46,35721,511-2229,"1,000-2,000"
7256,Costco #7256,4674 Williams Island,South Kellyhaven,1664.88,15727,535-8320,"1,000-2,000"
7268,Costco #7268,4555 Williams Hills,Chenton,1843.62,71253,847-3713,"1,000-2,000"
7290,Costco #7290,23688 Kevin Fork,New Christiantown,1196.09,21097,956-2150,"1,000-2,000"
7293,Costco #7293,0141 Karen Summit Apt. 763,Jenniferborough,1579.63,68617,806-9772,"1,000-2,000"
7343,Costco #7343,407 Jeremiah Roads Suite 763,Stacyburgh,1562.04,29397,608-2692,"1,000-2,000"
7352,Costco #7352,048 Angel Parkway,Smithbury,1665.6,25416,998-3130,"1,000-2,000"
7356,Costco #7356,37561 Bradshaw Manor,Hillview,1034.72,26172,470-7477,"1,000-2,000"
7372,Costco #7372,37231 Smith Drive Suite 393,Williamsville,1033.98,90802,210-3733,"1,000-2,000"
7388,Costco #7388,53309 Flynn Drive Apt. 125,New Seanmouth,1936.41,10155,783-6094,"1,000-2,000"
7404,Costco #7404,25183 Rodriguez Turnpike Suite 835,East Michaelbury,1264.32,57908,976-6320,"1,000-2,000"
7446,Costco #7446,27129 John Stravenue Suite 393,Lake Kathychester,1944.08,59717,925-2973,"1,000-2,000"
7453,Costco #7453,35366 Kayla Mall,East Travis,1652.19,46130,891-7560,"1,000-2,000"
7465,Costco #7465,7057 Peter Mission Apt. 390,Fisherstad,1068.62,88149,114-7194,"1,000-2,000"
7502,Costco #7502,980 Joshua Fort,Wilsonstad,1122.41,14956,278-4455,"1,000-2,000"
7505,Costco #7505,45130 David Manors,Port Christinefurt,1248.83,59662,528-9283,"1,000-2,000"
7531,Costco #7531,2161 Troy Road Apt. 073,Sandovalborough,1703.26,46100,364-1505,"1,000-2,000"
7552,Costco #7552,091 Robert Drives,West Thomaston,1874.66,68571,249-9212,"1,000-2,000"
7564,Costco #7564,226 Cross Dam Apt. 935,New Nicholasfort,1889.72,12284,197-8138,"1,000-2,000"
7613,Costco #7613,208 Cohen Plaza,West Ralphfurt,1531.7,47558,054-1942,"1,000-2,000"
7627,Costco #7627,0358 Johnson Course Suite 292,Adamsland,1867.53,49408,539-5260,"1,000-2,000"
7676,Costco #7676,42324 Johns Mountains,South Cassandraton,1802.27,42072,157-2584,"1,000-2,000"
7688,Costco #7688,658 Richardson Wells,West Jasonborough,1344.39,14728,054-7752,"1,000-2,000"
7714,Costco #7714,501 Simmons Neck Suite 221,Evansfurt,1222.75,78879,341-4121,"1,000-2,000"
7808,Costco #7808,010 Ward Valleys Suite 709,Port Ernestfort,1556.04,51561,742-9631,"1,000-2,000"
7822,Costco #7822,102 Taylor Shoals,South Kelly,1790.9,32028,283-1363,"1,000-2,000"
7826,Costco #7826,212 Greer Wall,East Alyssastad,1310,1257,101-9929,"1,000-2,000"
7851,Costco #7851,33882 Morales Inlet,Taraburgh,1469.75,20508,534-1007,"1,000-2,000"
7856,Costco #7856,6199 Tony Squares Apt. 311,Mariaport,1076.64,7171,907-2812,"1,000-2,000"
7878,Costco #7878,7699 Logan Village,North Robert,1748.14,28707,493-7046,"1,000-2,000"
7913,Costco #7913,01111 Andrea Ridges,Lake Ashley,1652.21,79093,572-8606,"1,000-2,000"
7941,Costco #7941,214 Jackson Lights Apt. 673,East Jeremyfort,1836.64,88981,830-9638,"1,000-2,000"
8031,Costco #8031,2333 Adams Light,West Susanland,1660.05,70293,587-1926,"1,000-2,000"
8040,Costco #8040,55416 Stephanie Summit,South Patrickburgh,1093.68,81883,322-2023,"1,000-2,000"
8062,Costco #8062,299 Edwards Mountains Apt. 277,Fosterfort,1222.3,58932,335-6875,"1,000-2,000"
8069,Costco #8069,675 Beth Row Suite 016,North Jessica,1192.54,17124,730-5108,"1,000-2,000"
8081,Costco #8081,7704 Parker Burgs,South Alexanderfort,1482.54,89364,648-4662,"1,000-2,000"
8103,Costco #8103,1225 Lee Ridges Suite 460,Michellefurt,1801.33,38094,950-8804,"1,000-2,000"
8168,Costco #8168,992 Carr Mount Suite 157,Pottsfurt,1063.31,18017,519-4080,"1,000-2,000"
8192,Costco #8192,12250 Andre Fall,East Danielland,1972.2,38097,109-5759,"1,000-2,000"
8198,Costco #8198,913 Johnson Port Apt. 282,West Jeanneborough,1095.31,51398,093-9845,"1,000-2,000"
8209,Costco #8209,49865 Ballard Glens Apt. 536,East Amyhaven,1696.72,62670,654-9341,"1,000-2,000"
8299,Costco #8299,947 Anthony Ridge Suite 350,Johnsonside,1642.7,27702,578-3979,"1,000-2,000"
8348,Costco #8348,26380 Timothy Port,Lake Jared,1575.28,92048,474-9781,"1,000-2,000"
8354,Costco #8354,2034 Alexa Key,New Megan,1462.45,82389,205-6898,"1,000-2,000"
8372,Costco #8372,6435 Ashley Coves,Johnbury,1531.59,72081,035-0532,"1,000-2,000"
8390,Costco #8390,40875 Taylor Cliff Apt. 500,East Gabriella,1693.79,58465,030-8344,"1,000-2,000"
8399,Costco #8399,942 Hood Dam,West Luis,1991.48,38246,915-0999,"1,000-2,000"
8412,Costco #8412,633 Matthew Lock,East Teresa,1675.7,40795,640-7984,"1,000-2,000"
8421,Costco #8421,972 Dominic Meadow,Dunnton,1779.46,13990,483-5391,"1,000-2,000"
8467,Costco #8467,18836 Christina Courts Apt. 157,West Shaneburgh,1491.78,66342,405-5198,"1,000-2,000"
8496,Costco #8496,6535 Liu Burg Suite 174,Robertville,1613.89,8371,244-5132,"1,000-2,000"
8510,Costco #8510,77316 Sullivan Falls Suite 714,Port Lawrence,1353.7,92658,471-8273,"1,000-2,000"
8523,Costco #8523,81702 Coleman Mill,South Laurenville,1680.8,54370,949-5843,"1,000-2,000"
8651,Costco #8651,015 Pham Lights,Hansenmouth,1600.5,4307,151-1171,"1,000-2,000"
8677,Costco #8677,070 Vazquez Gardens Suite 358,Port Kristin,1069.48,63595,568-4525,"1,000-2,000"
8721,Costco #8721,7473 Brianna Port,New Anthony,1969.64,26414,256-1839,"1,000-2,000"
8744,Costco #8744,09198 Sydney Track,West Jason,1903.47,4713,469-9206,"1,000-2,000"
8754,Costco #8754,405 Melanie Station Apt. 451,New Courtney,1482.68,64250,219-0471,"1,000-2,000"
8767,Costco #8767,9519 Danielle Ford,Gillstad,1738.49,14263,506-8960,"1,000-2,000"
8787,Costco #8787,16839 Villegas Ranch,Allenberg,1144.43,96982,843-3100,"1,000-2,000"
8813,Costco #8813,4231 Harris Island Apt. 768,West Sheriton,1820.72,28005,513-0897,"1,000-2,000"
8839,Costco #8839,723 Campbell Cove Suite 619,Brownland,1450.04,94968,726-3315,"1,000-2,000"
8856,Costco #8856,967 Perez Glen Suite 756,Whiteborough,1829.41,15201,613-3987,"1,000-2,000"
8977,Costco #8977,55909 Larson Landing Suite 364,Lisaville,1623.34,38642,935-1739,"1,000-2,000"
9007,Costco #9007,801 Daryl Land Apt. 849,Matthewmouth,1779.1,59385,188-3567,"1,000-2,000"
9009,Costco #9009,59315 House Stream,North Peterchester,1891.36,99159,872-9055,"1,000-2,000"
9051,Costco #9051,08391 Mason Forges Suite 075,Whitemouth,1855.04,44789,380-5453,"1,000-2,000"
9068,Costco #9068,7103 Donna Ferry,Lake Heather,1048.73,60706,186-2990,"1,000-2,000"
9069,Costco #9069,533 Edgar Mission,Allisonfort,1223.41,16771,271-1097,"1,000-2,000"
9074,Costco #9074,694 Rose Coves Suite 672,Nathanland,1586.63,23006,495-9903,"1,000-2,000"
9078,Costco #9078,06879 Delgado Union,Kanehaven,1970.29,81430,482-6511,"1,000-2,000"
9089,Costco #9089,629 Dwayne Heights Apt. 898,Rodriguezmouth,1108.3,94427,476-1411,"1,000-2,000"
9092,Costco #9092,8370 Tucker Prairie Suite 436,Debbieville,1895.74,16607,705-4889,"1,000-2,000"
9150,Costco #9150,2286 Branch Mall,North Kayla,1279.05,8652,256-9399,"1,000-2,000"
9179,Costco #9179,66206 Salazar Ridges Suite 020,Hannahmouth,1299.48,3008,153-2910,"1,000-2,000"
9300,Costco #9300,311 Elizabeth Passage Apt. 899,Howardborough,1968.32,86028,487-2528,"1,000-2,000"
9302,Costco #9302,9597 Rita Road Apt. 162,Scottport,1293.96,14063,009-0677,"1,000-2,000"
9397,Costco #9397,538 Galloway Rapid,Antoniohaven,1062.72,75178,191-9074,"1,000-2,000"
9400,Costco #9400,830 Compton Lane Suite 429,West Paultown,1744.4,13176,308-3050,"1,000-2,000"
9412,Costco #9412,11219 Emily Drive,Frenchtown,1910.72,60617,030-9675,"1,000-2,000"
9439,Costco #9439,32603 Kimberly Shoal,Benjaminburgh,1040.74,9997,875-1276,"1,000-2,000"
9464,Costco #9464,3757 Elizabeth Glen,Stewartport,1704.59,98974,179-4901,"1,000-2,000"
9497,Costco #9497,098 White Coves,North Lisaborough,1197.57,67971,043-3477,"1,000-2,000"
9529,Costco #9529,56952 Smith Square Suite 761,Bethville,1139.18,65639,369-8438,"1,000-2,000"
9539,Costco #9539,042 Rodriguez Grove,Lake Markstad,1923.67,70244,489-2988,"1,000-2,000"
9624,Costco #9624,826 Mitchell Bridge Suite 459,Lake Alecbury,1686.6,76509,177-4645,"1,000-2,000"
9634,Costco #9634,33879 Henderson Park Suite 117,West Dianehaven,1731.27,41785,495-3578,"1,000-2,000"
9651,Costco #9651,24155 Lisa Spurs Apt. 676,Santiagobury,1167.87,71274,106-7236,"1,000-2,000"
9667,Costco #9667,786 Sherman Mount Suite 808,Port Joshua,1532.47,83935,084-3067,"1,000-2,000"
9674,Costco #9674,9984 Padilla Rapid Apt. 091,North Robert,1182.14,25525,154-4701,"1,000-2,000"
9705,Costco #9705,465 Mora Curve,Shanehaven,1582.55,97541,641-8704,"1,000-2,000"
9720,Costco #9720,51748 Ross River Apt. 291,West Paulshire,1790.04,13783,920-1798,"1,000-2,000"
9731,Costco #9731,134 Jennifer Pike,Marymouth,1336.63,46021,227-1170,"1,000-2,000"
9741,Costco #9741,66562 Ward Lane Apt. 317,Lake Katelyn,1872.33,2396,867-9687,"1,000-2,000"
9801,Costco #9801,8610 Jeremy Loop Apt. 945,Walkermouth,1715.25,83500,200-8749,"1,000-2,000"
9894,Costco #9894,027 Rodriguez Ranch,Bowmanport,1733.73,76433,967-6344,"1,000-2,000"
9921,Costco #9921,580 Johnson Square,Port Alan,1070.97,82932,366-6040,"1,000-2,000"
9990,Costco #9990,6569 Ramirez Underpass,East Mary,1826.1,81038,507-5064,"1,000-2,000"
9995,Costco #9995,052 Andrew Ville,Benjaminstad,1750.77,19076,876-6030,"1,000-2,000"
1012,Costco #1012,4784 Bell Place Suite 548,Hawkinsberg,4021.5,38348,052-5559,"4,000-5,000"
1045,Costco #1045,1185 Tonya Burgs Apt. 835,Jacksonville,4872.38,95910,893-3321,"4,000-5,000"
1052,Costco #1052,314 Phillips Park,West Sheliachester,4757.69,46799,023-9212,"4,000-5,000"
1205,Costco #1205,440 Marissa Walks,Lake Ricardo,4804.42,57373,252-4257,"4,000-5,000"
1285,Costco #1285,08092 Young Ridge Suite 742,West Samanthamouth,4349.17,72902,575-3784,"4,000-5,000"
1347,Costco #1347,4066 Eric Brooks,Michealchester,4061.34,51837,376-1635,"4,000-5,000"
1393,Costco #1393,138 Flores Springs Apt. 894,Port Richardtown,4853.14,27556,206-2231,"4,000-5,000"
1456,Costco #1456,277 Robert Mountains Suite 904,West Monica,4127.86,90526,186-9988,"4,000-5,000"
1465,Costco #1465,9461 Valdez Motorway Suite 218,Lake Lisafurt,4524.05,31553,816-5455,"4,000-5,000"
1477,Costco #1477,39141 Sara Junctions,Powellside,4931.04,72014,447-1595,"4,000-5,000"
1490,Costco #1490,152 Martinez Cliffs,Jacobland,4940.6,40676,659-3459,"4,000-5,000"
1508,Costco #1508,59070 Friedman Islands Apt. 047,New Benjaminside,4570.75,73076,034-5890,"4,000-5,000"
1523,Costco #1523,6413 Barrett Groves Suite 403,Fosterside,4674.43,60591,748-7515,"4,000-5,000"
1578,Costco #1578,25575 Montgomery Parks Suite 427,Jenniferstad,4740.64,71706,065-6157,"4,000-5,000"
1582,Costco #1582,6341 Crystal Key,Lindaborough,4080.85,79469,222-3391,"4,000-5,000"
1593,Costco #1593,18716 Wade Underpass,South Marc,4174.12,58896,464-1192,"4,000-5,000"
1643,Costco #1643,7248 Samantha Meadows Apt. 496,Orrfurt,4235.5,19133,377-4562,"4,000-5,000"
1675,Costco #1675,156 Cannon Roads,Autumnberg,4528.46,87990,230-6924,"4,000-5,000"
1762,Costco #1762,928 Robinson Way Apt. 757,East Matthewchester,4065.87,92198,906-5408,"4,000-5,000"
1786,Costco #1786,8065 Jackson Glens Apt. 684,Mirandaton,4143.18,72992,424-5946,"4,000-5,000"
1811,Costco #1811,15245 Goodman Ridge Suite 137,East Andreatown,4937.11,41888,991-7240,"4,000-5,000"
1847,Costco #1847,95362 Robertson Stream Suite 080,South Leslie,4553.56,96540,045-8737,"4,000-5,000"
1903,Costco #1903,5986 Jason Haven,West Jasonchester,4183.32,11329,838-4819,"4,000-5,000"
1958,Costco #1958,15709 Rodriguez Plaza,Baileymouth,4168.15,57880,238-1595,"4,000-5,000"
1992,Costco #1992,12274 Lyons Street Suite 749,East Molly,4189.76,99623,879-3508,"4,000-5,000"
1999,Costco #1999,4127 Amanda River,South Justinborough,4207.35,18927,342-8608,"4,000-5,000"
2021,Costco #2021,574 Phillips Island,Cynthiaton,4831.77,59240,302-2288,"4,000-5,000"
2039,Costco #2039,272 Deborah Prairie Suite 583,West Ronaldhaven,4342.24,37136,409-9537,"4,000-5,000"
2157,Costco #2157,010 Cook Mission Suite 611,Brownmouth,4273.02,45910,357-8677,"4,000-5,000"
2171,Costco #2171,169 Thomas Lane Suite 007,South Donald,4723.04,15236,870-0892,"4,000-5,000"
2178,Costco #2178,237 Ramirez Oval Suite 468,Jenniferton,4878.92,76244,756-7701,"4,000-5,000"
2212,Costco #2212,677 Danielle Neck Apt. 465,North Caseytown,4812.33,28739,435-2686,"4,000-5,000"
2294,Costco #2294,82936 Stephanie Prairie Suite 477,Woodsshire,4161.1,39809,251-2379,"4,000-5,000"
2376,Costco #2376,957 Craig Drives,Tammyville,4291.39,33638,733-6015,"4,000-5,000"
2407,Costco #2407,4001 David Mission,Jamieton,4285.8,78293,482-4358,"4,000-5,000"
2420,Costco #2420,0434 Brittney Loaf,Valdeztown,4752.18,80170,116-4646,"4,000-5,000"
2424,Costco #2424,87501 Tina Port,East Johnside,4123.15,84373,270-8777,"4,000-5,000"
2456,Costco #2456,855 Timothy Knoll,Matthewsshire,4769.67,67624,151-7270,"4,000-5,000"
2514,Costco #2514,067 Sarah Prairie Suite 770,Trujilloport,4919.55,22596,613-2574,"4,000-5,000"
2519,Costco #2519,1424 Richardson Corners Suite 552,New Robert,4186.55,46462,136-1954,"4,000-5,000"
2548,Costco #2548,355 Rivers Glen Apt. 764,New Allison,4177.25,11565,507-8906,"4,000-5,000"
2574,Costco #2574,5505 Andrew Trail Apt. 934,East Lisa,4726.65,67665,621-1248,"4,000-5,000"
2578,Costco #2578,74039 Strickland Bridge,Brendashire,4864.78,62016,257-7836,"4,000-5,000"
2592,Costco #2592,2828 Joshua Manors Apt. 736,Lake Michelleport,4356.13,32628,101-9849,"4,000-5,000"
2606,Costco #2606,102 Bennett Street Apt. 130,Shellyfort,4082.96,45419,344-4297,"4,000-5,000"
2685,Costco #2685,910 Brittany Springs Suite 605,Lake Cheyenne,4137.2,18237,998-5841,"4,000-5,000"
2721,Costco #2721,782 Davis Squares Suite 154,South Jennahaven,4413.4,28281,975-8102,"4,000-5,000"
2848,Costco #2848,3750 Nichole Keys Apt. 682,New Shelbyport,4248.51,62935,378-7715,"4,000-5,000"
2853,Costco #2853,011 Sanchez Pike Suite 898,Lake Scottton,4223.63,6544,597-0538,"4,000-5,000"
2874,Costco #2874,26386 Pierce Ways,North Ashleyberg,4967.5,39919,610-9223,"4,000-5,000"
2916,Costco #2916,5054 Barnes Trace Apt. 011,Lake Mark,4788.12,39473,064-1441,"4,000-5,000"
2983,Costco #2983,8160 Vasquez Plaza Apt. 574,East Brenda,4541.72,75449,896-5617,"4,000-5,000"
3059,Costco #3059,484 Linda Track Suite 456,New Glennfurt,4056.33,15048,740-5401,"4,000-5,000"
3069,Costco #3069,80089 Smith Turnpike,Port Christiantown,4973.34,76264,512-7257,"4,000-5,000"
3072,Costco #3072,47866 Martin Court Suite 626,Shawnmouth,4139.73,47198,718-0660,"4,000-5,000"
3158,Costco #3158,21098 Brent Island,Rebeccatown,4317.54,98726,234-2059,"4,000-5,000"
3212,Costco #3212,708 Anthony Mission Apt. 501,New Maria,4127.59,43684,833-8445,"4,000-5,000"
3220,Costco #3220,9156 Samantha Spring,South Scottmouth,4230.97,97157,864-4880,"4,000-5,000"
3233,Costco #3233,3656 Shawn Shoals,Barnesland,4168.99,26292,101-6499,"4,000-5,000"
3236,Costco #3236,861 Ross Villages Apt. 988,Huangland,4832.27,32706,877-1405,"4,000-5,000"
3242,Costco #3242,16957 Martinez Prairie Suite 217,West Ashley,4189.33,99342,943-6811,"4,000-5,000"
3310,Costco #3310,041 Griffin Circle Suite 328,Port Keith,4296.82,792,003-7295,"4,000-5,000"
3325,Costco #3325,608 Philip Garden Apt. 858,Port Jameschester,4422.71,69178,749-6765,"4,000-5,000"
3344,Costco #3344,3643 Charlotte Circles,Kimbury,4750.08,93891,732-6624,"4,000-5,000"
3439,Costco #3439,2003 Jennifer Port,Port Megan,4637.36,45301,914-2769,"4,000-5,000"
3441,Costco #3441,178 Phillip Causeway,Hernandezfort,4555.97,59009,247-2125,"4,000-5,000"
3442,Costco #3442,66146 Obrien Vista Suite 105,South Alejandroville,4937.97,92590,224-6634,"4,000-5,000"
3449,Costco #3449,2043 Jeffrey Gardens Apt. 335,North Brendachester,4464.52,76166,960-6224,"4,000-5,000"
3463,Costco #3463,8893 Austin Garden Apt. 385,Robertbury,4936.39,79438,200-0047,"4,000-5,000"
3468,Costco #3468,202 Debra Falls,Matthewmouth,4509.38,70485,218-6628,"4,000-5,000"
3477,Costco #3477,9592 Martinez Fort,South Benjaminmouth,4935.96,48325,689-4963,"4,000-5,000"
3500,Costco #3500,20486 Juan Plains Suite 549,South Austin,4234.54,94620,028-0829,"4,000-5,000"
3502,Costco #3502,2059 Edwards Villages,Kimberlymouth,4480.84,98170,348-6014,"4,000-5,000"
3526,Costco #3526,166 Hernandez Station Suite 406,Lake James,4809.28,39505,722-2300,"4,000-5,000"
3534,Costco #3534,475 Johnson Ports Suite 019,Hawkinsburgh,4652.72,91081,120-1912,"4,000-5,000"
3586,Costco #3586,474 Kevin Summit,Smithburgh,4125.95,79198,970-4481,"4,000-5,000"
3599,Costco #3599,2900 Jamie Freeway Apt. 009,Ruizfort,4848.41,90377,502-5094,"4,000-5,000"
3604,Costco #3604,403 William Stravenue Apt. 389,Hannahside,4061.32,76118,861-7830,"4,000-5,000"
3622,Costco #3622,9772 Riggs Rest,Gutierrezburgh,4141.58,53768,645-9584,"4,000-5,000"
3677,Costco #3677,08601 Frank Knolls Apt. 861,Angelaland,4888.45,42948,801-3879,"4,000-5,000"
3706,Costco #3706,605 David Radial,Gregoryhaven,4992.75,78233,755-2579,"4,000-5,000"
3782,Costco #3782,4345 Brian Path Apt. 387,New Laurenchester,4232.88,73376,027-7541,"4,000-5,000"
3812,Costco #3812,26752 Lewis Mews Suite 533,East Beverly,4661.99,97396,912-4031,"4,000-5,000"
3824,Costco #3824,9414 Donna Port Suite 815,New Michaelport,4464.32,55216,295-7930,"4,000-5,000"
3838,Costco #3838,0357 Barker Green Apt. 080,Lake Michele,4985.07,75935,307-8852,"4,000-5,000"
3883,Costco #3883,1478 Shaun Tunnel,Dustinstad,4900.53,94554,185-0535,"4,000-5,000"
3982,Costco #3982,830 Reid Junction Apt. 475,Heathermouth,4724.07,33046,306-4844,"4,000-5,000"
4022,Costco #4022,8917 Johnson Ferry Apt. 406,Stanleyberg,4093.74,95316,412-9871,"4,000-5,000"
4031,Costco #4031,484 Lee Lake,Gonzalezchester,4318.69,22667,647-8484,"4,000-5,000"
4062,Costco #4062,826 David Ports Suite 456,New Carlaville,4576.91,25833,180-4180,"4,000-5,000"
4084,Costco #4084,02166 Raymond Keys Apt. 161,Pattyshire,4538.64,19985,061-6685,"4,000-5,000"
4097,Costco #4097,09477 Robert Courts Suite 548,Samanthaside,4540.32,13991,292-1528,"4,000-5,000"
4127,Costco #4127,0860 Bailey Summit Apt. 225,Brittanytown,4803.78,37995,719-0634,"4,000-5,000"
4194,Costco #4194,3195 Pruitt Wall Suite 173,Lake Davidbury,4473.73,84141,112-1091,"4,000-5,000"
4297,Costco #4297,056 Yu Groves Suite 462,South Tyler,4555.16,87187,510-0818,"4,000-5,000"
4332,Costco #4332,69557 Jacqueline Forest Suite 818,Coreyfurt,4458.99,55989,308-8510,"4,000-5,000"
4354,Costco #4354,86283 Reeves Cape Suite 953,Annmouth,4809.53,46292,365-9911,"4,000-5,000"
4361,Costco #4361,9729 Sims Keys,Port Amberside,4595.2,2364,974-1188,"4,000-5,000"
4404,Costco #4404,8366 Shaw Squares Suite 344,Fernandeztown,4710.54,58116,398-1311,"4,000-5,000"
4434,Costco #4434,548 Robin Mountain Suite 317,Rodriguezborough,4619.49,6244,087-5124,"4,000-5,000"
4471,Costco #4471,2376 Anne Pike Suite 130,Harringtontown,4150.66,5217,619-9852,"4,000-5,000"
4487,Costco #4487,3982 Moore Mountains,North Stephanie,4972.27,75454,021-0842,"4,000-5,000"
4522,Costco #4522,6636 Hunt Courts Suite 398,North Jameston,4044.24,58420,575-6554,"4,000-5,000"
4526,Costco #4526,776 Katherine Fields,New Nathanfort,4300.12,39683,386-7382,"4,000-5,000"
4592,Costco #4592,04243 Lisa Road,East Charles,4921.63,89709,577-0541,"4,000-5,000"
4622,Costco #4622,90867 Rivera Crossing Suite 437,South Miranda,4570.03,48883,047-0760,"4,000-5,000"
4721,Costco #4721,09137 Austin Hill,Matthewmouth,4457.05,26623,523-7407,"4,000-5,000"
4752,Costco #4752,08631 Beck Trace,Gomezberg,4888.93,23333,712-1516,"4,000-5,000"
4755,Costco #4755,16883 Alexander Green Suite 479,South Nicoleton,4839.19,26259,431-2321,"4,000-5,000"
4780,Costco #4780,893 Karen Parkway Suite 285,Perezborough,4700.43,57964,158-1971,"4,000-5,000"
4814,Costco #4814,48953 Bush Square,Port Andrewton,4359.02,58715,013-6344,"4,000-5,000"
4822,Costco #4822,35716 Sabrina Street,Daniellefort,4703.86,41891,950-1092,"4,000-5,000"
4846,Costco #4846,9023 David Meadows,Lake Dianamouth,4241.7,13379,971-2537,"4,000-5,000"
4859,Costco #4859,90797 Madison Street Apt. 573,West Angelaland,4981.07,76127,610-8595,"4,000-5,000"
4861,Costco #4861,977 Jose Loaf Apt. 752,New Deborahbury,4846.5,45289,880-5295,"4,000-5,000"
4869,Costco #4869,5431 Smith Haven,Mitchellmouth,4540.05,39195,318-5371,"4,000-5,000"
4889,Costco #4889,33696 Bradley Port Apt. 661,Smithside,4099.1,28608,308-3531,"4,000-5,000"
4911,Costco #4911,165 Michael Lakes,Johnsonburgh,4028.4,5254,810-6147,"4,000-5,000"
4962,Costco #4962,698 Burton Route,West Lisa,4644.04,79138,402-2830,"4,000-5,000"
4963,Costco #4963,877 Tyler Canyon Suite 273,Port Deniseville,4957.54,14440,935-9766,"4,000-5,000"
4974,Costco #4974,585 Brian Prairie Suite 726,Jackhaven,4952.13,46991,501-9193,"4,000-5,000"
5023,Costco #5023,1842 Nunez Crossroad,Sheenaland,4429.55,76933,477-0534,"4,000-5,000"
5024,Costco #5024,76110 Mccormick Mountain Apt. 331,Port Oscarton,4713.57,34483,970-4949,"4,000-5,000"
5036,Costco #5036,642 Chelsea Club Suite 138,New John,4853.32,22694,838-2956,"4,000-5,000"
5096,Costco #5096,00873 Wright Cliff,Murphyhaven,4137.7,95630,007-1074,"4,000-5,000"
5117,Costco #5117,6118 Cross Drive,South Patricia,4616.37,71588,929-9825,"4,000-5,000"
5120,Costco #5120,139 Riley Tunnel Suite 980,Robinfurt,4711.94,96431,646-8659,"4,000-5,000"
5154,Costco #5154,2693 Phillip Crescent Suite 038,South Kelseyburgh,4540.47,67893,108-1322,"4,000-5,000"
5233,Costco #5233,194 Rodney Station Apt. 904,Williamstad,4368.17,14229,412-3924,"4,000-5,000"
5255,Costco #5255,5994 Winters Ports,Brownview,4764.45,69580,025-3592,"4,000-5,000"
5281,Costco #5281,86534 Jeremiah Mall Apt. 038,West Roy,4282.8,33584,192-3916,"4,000-5,000"
5306,Costco #5306,91315 Joel Shore,East Christineton,4421.36,37922,905-7090,"4,000-5,000"
5346,Costco #5346,11201 Lisa Coves,Samanthaton,4011.56,83139,899-8906,"4,000-5,000"
5357,Costco #5357,9316 Lisa Manor Suite 635,East Robertmouth,4214.99,13778,953-6010,"4,000-5,000"
5365,Costco #5365,956 David Spur,Montgomeryhaven,4074.6,45410,937-2861,"4,000-5,000"
5445,Costco #5445,5234 Bethany Views Suite 145,Adamville,4606.6,66382,069-7544,"4,000-5,000"
5472,Costco #5472,33420 Jennifer Cliff,Aguirreland,4702.52,93195,440-4581,"4,000-5,000"
5579,Costco #5579,511 Thomas Harbors,Millerstad,4195.36,42857,940-1335,"4,000-5,000"
5640,Costco #5640,9187 Johnathan Ridge Apt. 072,South Michael,4361.8,87140,037-2901,"4,000-5,000"
5741,Costco #5741,91193 Amber Points,Dorisport,4196.76,576,642-6910,"4,000-5,000"
5787,Costco #5787,60854 Daniel Flat Apt. 883,Port Raymondview,4066.23,50760,213-5076,"4,000-5,000"
5790,Costco #5790,776 Barajas Via,Raymondside,4875.94,30781,932-6798,"4,000-5,000"
5811,Costco #5811,0866 Taylor Extensions Suite 462,East Jeremy,4777.94,87553,978-2202,"4,000-5,000"
5874,Costco #5874,0963 Anderson Track,Margaretmouth,4088.32,83603,629-7333,"4,000-5,000"
5881,Costco #5881,287 Patel Cove Suite 947,Johnborough,4001,95057,136-7497,"4,000-5,000"
5907,Costco #5907,936 Theresa Path,Greentown,4379.05,39539,574-2907,"4,000-5,000"
5960,Costco #5960,50150 Angela Park,Reginaburgh,4544.82,93314,961-1116,"4,000-5,000"
5966,Costco #5966,1068 Oliver Junctions Apt. 716,Gabrielport,4801.37,42504,803-2870,"4,000-5,000"
5993,Costco #5993,7150 Miller Hollow Suite 982,Seanton,4513.27,69636,402-5938,"4,000-5,000"
6035,Costco #6035,16592 Nielsen Corner,Lake Aaronberg,4163.22,13368,448-3992,"4,000-5,000"
6064,Costco #6064,6103 Thomas Inlet Apt. 424,Port Donnaton,4747.61,40784,337-5628,"4,000-5,000"
6101,Costco #6101,0788 Michael Stream Suite 475,Lake Angel,4599.19,6296,439-5763,"4,000-5,000"
6130,Costco #6130,4677 Lang Inlet Apt. 636,New Michael,4367.91,16330,746-9181,"4,000-5,000"
6182,Costco #6182,566 Burnett Landing Suite 555,Angelaborough,4377.82,40944,008-7497,"4,000-5,000"
6204,Costco #6204,61994 Roberts Avenue,Fosterport,4981.82,91632,947-3511,"4,000-5,000"
6219,Costco #6219,61113 Robert Walks Apt. 658,Port Benjaminshire,4128.48,41244,130-2135,"4,000-5,000"
6241,Costco #6241,118 Angela Trafficway Suite 706,Deborahside,4101.08,27631,800-1480,"4,000-5,000"
6259,Costco #6259,17627 Jones Way Apt. 665,East Michael,4847.61,31404,512-0258,"4,000-5,000"
6267,Costco #6267,20464 Cameron Gateway Apt. 090,East Aaronton,4242.98,59617,017-9417,"4,000-5,000"
6299,Costco #6299,5378 Gonzalez Crossroad,Baldwinstad,4844.49,34032,702-2461,"4,000-5,000"
6301,Costco #6301,16987 Farley Bridge Suite 826,Joneshaven,4787.36,41246,994-4326,"4,000-5,000"
6376,Costco #6376,0795 Michelle Cape Suite 704,West Maureenfort,4415.58,67032,963-0929,"4,000-5,000"
6504,Costco #6504,16807 Tyler Island,Port Kayla,4732.02,53333,638-8678,"4,000-5,000"
6518,Costco #6518,14261 Kim Trace,East Sergioshire,4450.36,76771,573-2351,"4,000-5,000"
6535,Costco #6535,995 Potter Road Suite 670,Camachobury,4434.81,71139,312-1142,"4,000-5,000"
6653,Costco #6653,28438 Perry Island Suite 782,Pearsonshire,4353.86,94165,853-7781,"4,000-5,000"
6659,Costco #6659,130 Ashley Flats Apt. 337,Romeroville,4513.75,77150,354-8235,"4,000-5,000"
6700,Costco #6700,2424 Mclean Mountains,Lake Joseph,4999.7,6992,610-7407,"4,000-5,000"
6709,Costco #6709,6513 Bryan Roads Suite 169,Justinton,4742.51,26448,849-5104,"4,000-5,000"
6788,Costco #6788,444 Gonzalez Ports,Jacobsborough,4074.74,93542,772-3558,"4,000-5,000"
6857,Costco #6857,38343 Jennifer Divide Apt. 763,Scottview,4516.72,19836,452-2213,"4,000-5,000"
6957,Costco #6957,05593 Ramos Track Suite 705,Michaelberg,4362.51,77850,787-6287,"4,000-5,000"
6971,Costco #6971,704 Skinner Valleys,South Allison,4338.16,91737,532-4595,"4,000-5,000"
6983,Costco #6983,7246 Joshua Extensions,New Amybury,4375.98,97046,826-6799,"4,000-5,000"
7009,Costco #7009,921 Jackson Parkway Apt. 605,Lake Nancyport,4291.31,29284,676-9422,"4,000-5,000"
7177,Costco #7177,511 Howell Mountains Suite 963,Port Michael,4452.46,76176,837-0087,"4,000-5,000"
7261,Costco #7261,66515 Huffman Trafficway Suite 768,Port Jakeville,4755.35,31960,121-0692,"4,000-5,000"
7335,Costco #7335,587 Powers Falls,Joshuachester,4534.75,9955,375-4414,"4,000-5,000"
7384,Costco #7384,389 Allison Road Apt. 869,New Jameston,4394.33,84250,273-2519,"4,000-5,000"
7497,Costco #7497,013 Stanley Plaza Apt. 658,New Ian,4324.94,49757,264-0308,"4,000-5,000"
7504,Costco #7504,1412 William Brook Suite 174,East Davidshire,4975.04,80284,026-5013,"4,000-5,000"
7514,Costco #7514,99502 Williams Road Apt. 459,Johnberg,4738.79,70919,946-1209,"4,000-5,000"
7536,Costco #7536,2486 Amy Orchard,Kevinfurt,4793.59,78513,024-2145,"4,000-5,000"
7573,Costco #7573,930 Collins Ridge,Brownmouth,4787.65,88944,830-9301,"4,000-5,000"
7640,Costco #7640,751 David Drives Apt. 815,Baileyfort,4482.1,60205,671-7052,"4,000-5,000"
7648,Costco #7648,6020 Nicole Glens Suite 578,Brittanyland,4981.25,2247,055-2076,"4,000-5,000"
7666,Costco #7666,67559 Hughes Burg Suite 943,Johnside,4291.89,6899,121-0695,"4,000-5,000"
7739,Costco #7739,68240 Oliver Corner,Obrienchester,4466.44,19875,348-6752,"4,000-5,000"
7750,Costco #7750,78703 Nguyen Place Suite 981,North Martin,4245.23,48253,712-0270,"4,000-5,000"
7767,Costco #7767,7943 Lori Unions,Coleshire,4712.78,1950,545-1996,"4,000-5,000"
7789,Costco #7789,147 Scott Brooks Apt. 951,Dawsonport,4524.21,26465,523-0998,"4,000-5,000"
7804,Costco #7804,49287 Martin Port Apt. 787,Carrieborough,4782.89,45516,798-6742,"4,000-5,000"
7832,Costco #7832,3796 Denise Isle Apt. 596,Mendozamouth,4002.72,12579,019-3068,"4,000-5,000"
7957,Costco #7957,55706 Freeman Way,Justinfort,4204.86,13197,408-9894,"4,000-5,000"
8014,Costco #8014,633 Jennifer Pine,Ryanton,4966.33,45399,301-4638,"4,000-5,000"
8032,Costco #8032,8594 Johnson Crescent Suite 035,Port Laurentown,4474.4,10428,781-8381,"4,000-5,000"
8055,Costco #8055,0013 Nicholas Mount Apt. 354,West Gina,4463.99,42866,905-4087,"4,000-5,000"
8075,Costco #8075,93305 Weiss Fork Suite 472,Johnathanton,4644.85,58278,149-1092,"4,000-5,000"
8106,Costco #8106,583 Hall Oval,Contrerasport,4547.3,98761,961-8455,"4,000-5,000"
8109,Costco #8109,9531 Rebecca Neck Suite 190,Maryland,4399.83,43286,600-8120,"4,000-5,000"
8151,Costco #8151,7384 Jose Camp,Davidmouth,4341.63,27788,405-0783,"4,000-5,000"
8202,Costco #8202,7888 Gabriel Plain,East Juan,4382.23,37847,689-2010,"4,000-5,000"
8240,Costco #8240,27400 Luna Orchard Apt. 151,Gordonhaven,4885.58,15448,939-6449,"4,000-5,000"
8303,Costco #8303,902 David Mountains,Port Ricardostad,4146.37,36002,447-5249,"4,000-5,000"
8328,Costco #8328,090 Michelle Plain Suite 264,Lake Robin,4082.82,38589,416-0086,"4,000-5,000"
8367,Costco #8367,254 Tyler Groves Suite 525,Michaelborough,4171.02,79634,617-2161,"4,000-5,000"
8380,Costco #8380,65039 Miller Park Suite 376,Michaelton,4317.33,4247,245-3883,"4,000-5,000"
8499,Costco #8499,87515 Michael Harbors Suite 506,West Lindsay,4928.93,92919,691-4806,"4,000-5,000"
8543,Costco #8543,41908 Mindy Ramp Apt. 667,Lake James,4621.86,43954,966-5791,"4,000-5,000"
8556,Costco #8556,6861 Wagner Expressway,Lake Matthew,4757.71,76967,349-1506,"4,000-5,000"
8621,Costco #8621,12820 Amy Plain Apt. 060,West Johnborough,4161.64,86892,547-9317,"4,000-5,000"
8662,Costco #8662,64925 Dean Brooks Apt. 294,Beasleyville,4433.99,63106,757-9337,"4,000-5,000"
8683,Costco #8683,22060 Erika Orchard Apt. 584,Lake Jennifermouth,4545.31,36154,236-9710,"4,000-5,000"
8696,Costco #8696,979 Ryan Walk,Williamsfurt,4955.42,15289,069-8757,"4,000-5,000"
8904,Costco #8904,002 Martha Station Apt. 620,South Sarah,4529.36,27611,314-6095,"4,000-5,000"
8913,Costco #8913,684 Thomas Oval Suite 408,South Kathleen,4868.75,17629,744-3352,"4,000-5,000"
8916,Costco #8916,4275 Lee Locks,North Lindseyshire,4873.64,65701,648-5455,"4,000-5,000"
8942,Costco #8942,8520 Charles Pass,Emmafort,4366.05,1163,726-3607,"4,000-5,000"
8946,Costco #8946,76896 Peterson Mountain,Port Ellenton,4371.57,51823,474-7532,"4,000-5,000"
8978,Costco #8978,7337 Sally Springs,Lake Kenneth,4746.68,42817,400-7962,"4,000-5,000"
9048,Costco #9048,070 Andrea Plains,West Jamesbury,4207.07,91914,958-7823,"4,000-5,000"
9075,Costco #9075,933 John Row Apt. 031,East Kimberly,4202.79,79052,720-1949,"4,000-5,000"
9128,Costco #9128,84297 Brooke Plaza Apt. 739,Carlosside,4618.78,26321,698-2643,"4,000-5,000"
9159,Costco #9159,9575 Williams Rue,West Danielle,4368.07,26321,016-0791,"4,000-5,000"
9183,Costco #9183,94195 Jones Corner,Mcdowellmouth,4745.18,63279,942-3020,"4,000-5,000"
9203,Costco #9203,5295 William Lane Suite 626,Antonioview,4137.25,659,473-0800,"4,000-5,000"
9205,Costco #9205,07130 Michael Rest,Aprilhaven,4032.25,21442,299-5101,"4,000-5,000"
9252,Costco #9252,5658 Lance Village,East Dustin,4199.03,92868,578-5530,"4,000-5,000"
9279,Costco #9279,647 Cummings Fort Apt. 822,Rickyfort,4704.51,9367,941-0074,"4,000-5,000"
9280,Costco #9280,777 Baker Stream Suite 792,Rodriguezport,4034.09,72297,918-4061,"4,000-5,000"
9289,Costco #9289,008 Sandra Ports Apt. 963,North Michelemouth,4643.73,81376,387-0015,"4,000-5,000"
9392,Costco #9392,98359 Morgan Haven Suite 964,South Shelbystad,4681.4,3031,182-1041,"4,000-5,000"
9418,Costco #9418,0462 Richard Extension Apt. 811,Payneville,4289.31,1322,680-5782,"4,000-5,000"
9473,Costco #9473,92082 Christopher Estates Apt. 890,Lake Alexandra,4127.31,46341,651-8615,"4,000-5,000"
9535,Costco #9535,362 Caitlyn Highway,Fostermouth,4641.3,28488,787-7846,"4,000-5,000"
9599,Costco #9599,75200 Miller Branch,East Kathleen,4059.5,21786,875-6758,"4,000-5,000"
9605,Costco #9605,747 Hunt Plains,Lake Samanthaview,4941.97,69658,739-6272,"4,000-5,000"
9676,Costco #9676,301 Andrea Union Apt. 839,Tylerhaven,4583.06,6796,164-8473,"4,000-5,000"
9812,Costco #9812,33464 Paul Key Apt. 970,South Heidi,4878.23,31456,386-1860,"4,000-5,000"
9852,Costco #9852,8265 Rachael Knolls Apt. 081,Fisherport,4195.08,36890,041-4609,"4,000-5,000"
9934,Costco #9934,08527 Garcia Valley Apt. 523,East Phillipborough,4124.91,11801,195-1619,"4,000-5,000"
9936,Costco #9936,917 Wright Trace,Lindabury,4825.61,88876,414-5120,"4,000-5,000"
9969,Costco #9969,30434 Turner Crescent,Hollyfurt,4527.8,7944,322-9506,"4,000-5,000"
9970,Costco #9970,81102 Sandoval Centers Suite 203,East Brettstad,4812.73,47969,540-5197,"4,000-5,000"
1122,Costco #1122,9245 Klein Way Apt. 839,Port Kristinberg,3890.51,79448,179-5216,"3,000-4,000"
1181,Costco #1181,50237 Thompson Locks Apt. 320,Stewartview,3135.75,16215,092-8326,"3,000-4,000"
1193,Costco #1193,8710 Jessica Lake,Jennifershire,3878.33,51875,991-3468,"3,000-4,000"
1198,Costco #1198,531 Justin Plains,Kellyberg,3734.86,70155,905-2305,"3,000-4,000"
1210,Costco #1210,300 Dillon Inlet,New Angela,3771.17,21837,952-8926,"3,000-4,000"
1235,Costco #1235,1569 Daniel Village,Nelsonland,3827.69,87252,862-2697,"3,000-4,000"
1243,Costco #1243,12855 Palmer Green Suite 244,Simsfurt,3761.94,52316,930-9341,"3,000-4,000"
1335,Costco #1335,6777 Lloyd Square,Jaimemouth,3199.25,70677,429-1764,"3,000-4,000"
1348,Costco #1348,0102 Patricia Prairie Apt. 616,West Johnside,3755.72,28742,696-7148,"3,000-4,000"
1364,Costco #1364,363 White Ports Apt. 299,New Paul,3587.63,628,272-1390,"3,000-4,000"
1371,Costco #1371,35261 Jackson Vista Suite 076,Martinezburgh,3103.62,80542,997-9404,"3,000-4,000"
1439,Costco #1439,234 Donna Hollow Suite 821,Chadland,3785.86,27652,065-7678,"3,000-4,000"
1475,Costco #1475,06130 Michael Burg Suite 668,Stephensfurt,3761.21,79359,480-9830,"3,000-4,000"
1576,Costco #1576,4467 Kerry Creek Apt. 000,East Rickburgh,3852.12,31007,614-5608,"3,000-4,000"
1690,Costco #1690,93509 Buckley Well,Lake April,3020.85,20713,925-4328,"3,000-4,000"
1777,Costco #1777,10849 Nathan Brook Suite 102,East James,3068.88,82533,770-9846,"3,000-4,000"
1791,Costco #1791,084 Matthew Heights,Benjaminfurt,3604.44,15884,928-6031,"3,000-4,000"
1806,Costco #1806,1084 Gomez Alley,Lake Brendanfort,3545.36,36356,525-0990,"3,000-4,000"
1852,Costco #1852,19274 Bradley Point,Lawrenceton,3033.49,10608,784-9513,"3,000-4,000"
1885,Costco #1885,364 Jones Overpass,North Daniel,3276.41,64429,161-2001,"3,000-4,000"
1910,Costco #1910,980 James Loop,East Frank,3830.82,97848,274-5260,"3,000-4,000"
1996,Costco #1996,09184 Mary Flats,Martinchester,3669.16,81651,765-0089,"3,000-4,000"
2081,Costco #2081,1372 Hartman Points Suite 753,Christinahaven,3752.14,79031,781-3490,"3,000-4,000"
2141,Costco #2141,32607 Manning Walk,Hancocktown,3839.88,31404,793-5827,"3,000-4,000"
2151,Costco #2151,206 Jones Common Apt. 531,Rossburgh,3591.69,76490,164-5055,"3,000-4,000"
2163,Costco #2163,5655 Ward Fords Apt. 303,Susanchester,3499.34,10588,388-7325,"3,000-4,000"
2274,Costco #2274,6495 Mary Rue Apt. 729,Lambertville,3094.16,14539,204-7743,"3,000-4,000"
2302,Costco #2302,1365 Price Square,Liborough,3094.86,86726,534-0515,"3,000-4,000"
2339,Costco #2339,76487 Morgan Trail Apt. 531,East Connie,3978.84,25286,396-4260,"3,000-4,000"
2348,Costco #2348,10076 Spence Land Suite 083,Stephanieville,3740.94,61806,823-0312,"3,000-4,000"
2390,Costco #2390,29427 Moran Burg Apt. 001,North Henryside,3018.1,26036,110-0917,"3,000-4,000"
2411,Costco #2411,69923 Phillips Ford Apt. 941,South Jacobborough,3326.36,78851,501-7146,"3,000-4,000"
2462,Costco #2462,007 Moore Hill Suite 304,Lake Linda,3502.15,38366,522-3030,"3,000-4,000"
2464,Costco #2464,408 Moore Ridges,South Jason,3246.66,4342,960-7617,"3,000-4,000"
2500,Costco #2500,19455 Finley Key,Amyside,3383.14,46556,627-5898,"3,000-4,000"
2517,Costco #2517,95441 Skinner Tunnel,Haroldmouth,3921.74,57851,919-3729,"3,000-4,000"
2538,Costco #2538,22719 Dennis Expressway Apt. 754,New Jerryborough,3272.53,91367,079-2146,"3,000-4,000"
2559,Costco #2559,8162 Cain Courts Suite 684,Stanleyhaven,3899.1,3475,538-2924,"3,000-4,000"
2577,Costco #2577,1682 Reid Cove Apt. 392,Tuckermouth,3774.19,12340,220-6104,"3,000-4,000"
2580,Costco #2580,58333 Dawn Wall Apt. 249,East Lindsay,3722.26,62764,513-2872,"3,000-4,000"
2609,Costco #2609,629 William Springs Apt. 054,West Nancyland,3464.05,61112,927-7997,"3,000-4,000"
2700,Costco #2700,83827 Carrie Burgs,Scottfort,3504.99,90306,679-9811,"3,000-4,000"
2724,Costco #2724,44697 Steve Passage Apt. 528,Deniseport,3809.68,85553,736-0671,"3,000-4,000"
2728,Costco #2728,7273 Caldwell Crest,Deckerfort,3768.47,66731,838-3388,"3,000-4,000"
2731,Costco #2731,1038 Lauren Road,Petersonberg,3701.83,15947,376-8400,"3,000-4,000"
2796,Costco #2796,80286 Sue Points,Bennettport,3251.5,94524,849-5488,"3,000-4,000"
2803,Costco #2803,8923 Maria Locks Apt. 468,North Marcport,3732.74,9325,653-3953,"3,000-4,000"
2820,Costco #2820,4260 Martinez Cliffs Suite 247,Thomasberg,3926.14,19822,062-8879,"3,000-4,000"
2859,Costco #2859,18681 Barnett Orchard,East Chelsea,3885.56,84315,556-9391,"3,000-4,000"
2870,Costco #2870,2492 Sutton Mews Suite 988,New Madelinehaven,3157.07,15702,573-8367,"3,000-4,000"
2875,Costco #2875,0687 Patterson Road Suite 931,Annton,3103.87,43627,232-1185,"3,000-4,000"
2891,Costco #2891,17862 White Forges,West Cole,3632.5,4974,836-7095,"3,000-4,000"
3027,Costco #3027,678 Teresa Trail Apt. 755,Johntown,3845.74,57281,405-3799,"3,000-4,000"
3101,Costco #3101,68575 David Road Apt. 316,Port Whitneyburgh,3507.46,82191,511-1728,"3,000-4,000"
3132,Costco #3132,20580 Wagner Plains,Watsonborough,3761.56,65479,354-4122,"3,000-4,000"
3276,Costco #3276,47685 Annette Rapid,Sethshire,3908.05,1602,936-7700,"3,000-4,000"
3308,Costco #3308,6207 Jennifer Spring,Vasquezstad,3970.1,21939,196-4230,"3,000-4,000"
3424,Costco #3424,9418 Christensen Cliff Suite 183,Craigfurt,3386.35,91200,384-1759,"3,000-4,000"
3438,Costco #3438,95757 Emily Road,New Jacobview,3964.03,78667,048-0142,"3,000-4,000"
3466,Costco #3466,1963 Lane Mountains Apt. 504,North Austinmouth,3688.71,13901,991-6646,"3,000-4,000"
3546,Costco #3546,2268 Goodwin Crest,West Josephton,3423.4,75136,731-4542,"3,000-4,000"
3566,Costco #3566,491 Tiffany Lights,Port Jennifer,3321.46,32592,224-4081,"3,000-4,000"
3597,Costco #3597,8967 Michael Drives Apt. 226,Andersonside,3128.58,81489,286-4908,"3,000-4,000"
3618,Costco #3618,3933 Lewis Mountains Apt. 748,Richardsonland,3146.81,78023,013-6001,"3,000-4,000"
3626,Costco #3626,30029 Robinson Trail,West Scott,3858.22,27606,853-0771,"3,000-4,000"
3629,Costco #3629,08352 Jennifer Rest Apt. 184,Dixonburgh,3410.16,6400,652-6181,"3,000-4,000"
3641,Costco #3641,9023 Carter Brooks,Whitakerbury,3411.55,32297,383-4232,"3,000-4,000"
3651,Costco #3651,289 Phillips Point Apt. 305,Lynchfort,3732.43,95143,770-0791,"3,000-4,000"
3689,Costco #3689,863 Maurice Walk Suite 394,Ruizville,3144.19,24315,472-9900,"3,000-4,000"
3716,Costco #3716,0822 Lisa Mission,Mooreshire,3358.78,62983,949-2974,"3,000-4,000"
3743,Costco #3743,1457 Jason Forges,Jamieland,3013.34,25564,702-4104,"3,000-4,000"
3753,Costco #3753,838 Carlos Haven,West Dawnside,3107.64,5651,213-7399,"3,000-4,000"
3763,Costco #3763,0198 Angela Drive,Dennisside,3134.35,13605,931-8476,"3,000-4,000"
3770,Costco #3770,054 Mark Spurs,South Carol,3815.04,98927,262-5874,"3,000-4,000"
3826,Costco #3826,723 Richard Station Apt. 861,Davenportchester,3482.9,1454,811-8400,"3,000-4,000"
3899,Costco #3899,0158 Christopher Roads,Rossbury,3181.28,79969,888-8481,"3,000-4,000"
3919,Costco #3919,4413 Joanna Terrace,Lake Regina,3265.32,37587,321-2683,"3,000-4,000"
3976,Costco #3976,649 Ralph Streets Suite 704,North Susan,3956.97,15316,978-6282,"3,000-4,000"
4061,Costco #4061,201 Rachel Field,Richardton,3734.92,55363,504-7941,"3,000-4,000"
4083,Costco #4083,097 Choi Streets Apt. 676,Brownport,3290.96,92176,893-7757,"3,000-4,000"
4114,Costco #4114,567 Kimberly Hill Apt. 745,Morrisside,3188.41,6984,180-6573,"3,000-4,000"
4125,Costco #4125,339 Justin Prairie,New Douglas,3573.88,31146,182-9113,"3,000-4,000"
4142,Costco #4142,25557 Leslie Valley Apt. 605,North Christopherport,3503.94,59660,902-7134,"3,000-4,000"
4175,Costco #4175,71932 Kayla Ramp Apt. 441,Jonesberg,3939.19,28679,317-7245,"3,000-4,000"
4196,Costco #4196,109 Logan Fork,Bartletthaven,3741.36,59839,378-5021,"3,000-4,000"
4208,Costco #4208,63757 Sanchez Gardens Apt. 143,New Patrickside,3113.41,52153,458-9504,"3,000-4,000"
4324,Costco #4324,91997 Miller Ranch,Port Danaview,3819.56,64427,079-3921,"3,000-4,000"
4342,Costco #4342,0409 Dana Crescent,Port Davidchester,3892.24,47947,088-0824,"3,000-4,000"
4362,Costco #4362,116 Jeffrey Ways,Mcbridehaven,3398.46,72356,522-0396,"3,000-4,000"
4373,Costco #4373,458 Moore Ports Suite 342,Jenniferfurt,3703.18,24524,691-4910,"3,000-4,000"
4446,Costco #4446,1980 Lucas Vista Suite 675,New Russellview,3272.9,37595,645-6981,"3,000-4,000"
4457,Costco #4457,6350 Emily Walks Apt. 569,Herreraville,3778.52,51195,854-3565,"3,000-4,000"
4512,Costco #4512,80222 Cooke Springs Apt. 774,Lake Christinemouth,3515.25,3471,811-9467,"3,000-4,000"
4662,Costco #4662,08526 Christopher Throughway Apt. 151,West Glen,3895.26,82102,867-1601,"3,000-4,000"
4698,Costco #4698,839 Cooper Keys Apt. 123,Caseyshire,3584.2,88303,644-5978,"3,000-4,000"
4748,Costco #4748,60151 Porter Burg Apt. 492,Lake Christine,3347.22,63012,615-5880,"3,000-4,000"
4843,Costco #4843,1198 Morgan Roads Suite 093,New Miguel,3331.62,71409,959-9104,"3,000-4,000"
4862,Costco #4862,7812 Christopher Keys,Peterton,3838.63,24279,454-4554,"3,000-4,000"
4863,Costco #4863,2585 Lori Run,East Conniechester,3766.04,49776,406-7781,"3,000-4,000"
4901,Costco #4901,8502 Rivera Squares,Lake Ashley,3488.48,75860,140-9989,"3,000-4,000"
4961,Costco #4961,382 Melissa Fall,Stephentown,3877.97,30424,249-9130,"3,000-4,000"
4980,Costco #4980,412 Manuel Turnpike Apt. 541,Dustinbury,3741.31,97807,946-2241,"3,000-4,000"
5025,Costco #5025,36897 Garrett Points,Stevensborough,3896,76091,796-9901,"3,000-4,000"
5141,Costco #5141,163 Phillip Shores Apt. 229,Griffinmouth,3206.96,21192,391-1867,"3,000-4,000"
5238,Costco #5238,34339 Fleming Junction Suite 672,Brownborough,3411.35,30764,913-7520,"3,000-4,000"
5283,Costco #5283,418 Trevor Ferry,Andersonland,3493.63,28072,950-3329,"3,000-4,000"
5332,Costco #5332,482 Kristin Pine,Port Dianehaven,3963.5,8225,323-5903,"3,000-4,000"
5354,Costco #5354,63267 Audrey Vista,Johnborough,3872.47,92339,200-4435,"3,000-4,000"
5369,Costco #5369,2286 Kevin Springs,Howardton,3410.4,13676,802-0006,"3,000-4,000"
5380,Costco #5380,98270 Porter Spurs,Parkmouth,3360.01,38362,075-3889,"3,000-4,000"
5429,Costco #5429,7327 Amy Curve,Port Kevinmouth,3791.24,81023,140-6083,"3,000-4,000"
5493,Costco #5493,627 Munoz Extensions,Davidville,3659.01,88280,301-8044,"3,000-4,000"
5500,Costco #5500,11460 Pamela Forest,Robertchester,3523.93,75200,178-4874,"3,000-4,000"
5515,Costco #5515,39690 Wallace Square Apt. 739,North Krystal,3691.76,94268,488-3814,"3,000-4,000"
5523,Costco #5523,46980 Kara Squares,Rodriguezport,3543.59,94298,293-0199,"3,000-4,000"
5545,Costco #5545,3494 Douglas Union,East Joseph,3520.9,37363,127-7248,"3,000-4,000"
5635,Costco #5635,8281 Hoffman Roads,New Robertland,3484.24,84965,542-7032,"3,000-4,000"
5673,Costco #5673,6854 Erica Extensions Apt. 805,Huffberg,3559.56,11407,686-1114,"3,000-4,000"
5720,Costco #5720,023 Matthew Causeway Apt. 104,Joshuaside,3775.09,7776,197-7637,"3,000-4,000"
5731,Costco #5731,96620 Debra Skyway,North Jamesville,3798.62,93973,160-1385,"3,000-4,000"
5815,Costco #5815,425 Wolfe Well Apt. 641,North Darinside,3793.1,89080,426-8423,"3,000-4,000"
5846,Costco #5846,542 Hendrix Forges,East Jameston,3265.69,96293,687-4755,"3,000-4,000"
5896,Costco #5896,953 Vincent Mountain Apt. 260,North Leahville,3690.58,96929,537-7213,"3,000-4,000"
5963,Costco #5963,77900 Wood Lane,South Alexis,3818.23,84497,743-1362,"3,000-4,000"
5971,Costco #5971,821 Joshua Inlet,Chanborough,3402.81,54621,361-0875,"3,000-4,000"
5998,Costco #5998,8375 Benjamin Streets Suite 054,West Donald,3056.89,59418,468-7888,"3,000-4,000"
6038,Costco #6038,597 Rangel Stream Apt. 735,Loristad,3973.65,97130,693-7631,"3,000-4,000"
6080,Costco #6080,78853 Kimberly Spring,Jacobshaven,3674.83,75175,667-6490,"3,000-4,000"
6116,Costco #6116,23826 Reginald Ways,Port Jessicatown,3806.66,39180,861-7633,"3,000-4,000"
6161,Costco #6161,882 Douglas Walks Apt. 369,Salazarmouth,3312.12,83086,168-0755,"3,000-4,000"
6176,Costco #6176,8364 Ann Summit,Chandlerberg,3031.98,5869,600-6221,"3,000-4,000"
6187,Costco #6187,885 Nicole Glens,Lake Jacob,3948.57,14217,355-9080,"3,000-4,000"
6191,Costco #6191,1233 Ho Square Apt. 248,Walkerview,3584.24,56012,861-3441,"3,000-4,000"
6209,Costco #6209,5640 Valdez River,Port Stephanie,3212.84,77925,712-3548,"3,000-4,000"
6244,Costco #6244,930 Joan Loaf,Duffyshire,3534.91,42627,632-0609,"3,000-4,000"
6333,Costco #6333,1967 Kaitlin Greens,Cortezland,3673.3,47092,224-2829,"3,000-4,000"
6335,Costco #6335,402 Ramirez Burgs Suite 714,South Luis,3610.19,44002,000-3062,"3,000-4,000"
6446,Costco #6446,13943 Ramirez Islands,Aliceborough,3957.73,97383,259-3676,"3,000-4,000"
6477,Costco #6477,2131 Knight Mews,Greenview,3667.61,47739,845-8866,"3,000-4,000"
6565,Costco #6565,67888 Young Roads Apt. 962,Montesland,3809.64,12208,797-3812,"3,000-4,000"
6568,Costco #6568,16402 Shawn Fields,Lake Angelafort,3178.23,23272,661-9972,"3,000-4,000"
6570,Costco #6570,04728 Stephen Pines,Port Jacob,3520.07,32977,991-5053,"3,000-4,000"
6682,Costco #6682,6244 Margaret Courts Apt. 823,North Rebeccaburgh,3033.28,46747,202-0462,"3,000-4,000"
6779,Costco #6779,71009 Sara Springs Apt. 111,South Danielchester,3921.76,39071,794-2520,"3,000-4,000"
6819,Costco #6819,267 Gutierrez Mills Suite 212,New Jasonmouth,3213.07,35611,859-8384,"3,000-4,000"
6858,Costco #6858,689 Scott Divide,New Martin,3527.04,60731,010-7066,"3,000-4,000"
6866,Costco #6866,387 Hardy Mews Suite 014,Ericshire,3797.38,43241,644-2869,"3,000-4,000"
6878,Costco #6878,43346 Ryan Row,East Carlosport,3526.25,32468,103-1960,"3,000-4,000"
7032,Costco #7032,11447 Burgess Port,Sarahtown,3359.64,25834,858-2956,"3,000-4,000"
7042,Costco #7042,86240 Gonzalez View,Choishire,3412.44,26645,489-0442,"3,000-4,000"
7070,Costco #7070,37376 Michael Island,Denisechester,3096.14,33470,144-8686,"3,000-4,000"
7128,Costco #7128,648 Raymond Crescent Apt. 921,East Diana,3764.65,29554,748-9619,"3,000-4,000"
7131,Costco #7131,829 Rivera Hills Apt. 416,Amandaberg,3416.19,22806,698-9877,"3,000-4,000"
7226,Costco #7226,00700 Kenneth Parks Suite 477,New Scott,3386.68,25283,073-6843,"3,000-4,000"
7252,Costco #7252,39227 Ashley Ports Suite 005,Sharonshire,3535.61,65933,871-3322,"3,000-4,000"
7280,Costco #7280,8078 Steven Ports Suite 839,Lisatown,3137.14,12285,510-2698,"3,000-4,000"
7301,Costco #7301,87196 Stephenson Squares,Myershaven,3875.43,35505,802-4678,"3,000-4,000"
7391,Costco #7391,2521 Martin Turnpike Suite 900,Jasonshire,3960.23,73372,401-8212,"3,000-4,000"
7416,Costco #7416,21517 Juarez Drives,Chavezland,3679.13,75539,620-4511,"3,000-4,000"
7426,Costco #7426,31765 Russell Port,Aguirreborough,3900.29,40572,867-8101,"3,000-4,000"
7456,Costco #7456,9725 Ramirez Ridges,Whitneyborough,3599.16,66878,233-9886,"3,000-4,000"
7500,Costco #7500,483 Mcdaniel Overpass,Arroyoberg,3938.71,97938,174-9337,"3,000-4,000"
7512,Costco #7512,9099 Anthony Fort,Yangland,3159.56,66021,822-3027,"3,000-4,000"
7522,Costco #7522,146 Smith Plaza,Jamesshire,3643.85,36207,768-9127,"3,000-4,000"
7545,Costco #7545,2115 Smith View,Transide,3461.53,56464,301-0574,"3,000-4,000"
7562,Costco #7562,9665 Bauer Dam,New Emily,3162.01,76021,504-1537,"3,000-4,000"
7595,Costco #7595,3913 Joshua Ports,Jenniferview,3955.06,84557,632-8184,"3,000-4,000"
7601,Costco #7601,758 Khan Way Apt. 861,Benitezside,3847.75,14635,741-2109,"3,000-4,000"
7626,Costco #7626,111 Joshua Courts,New Glenn,3441.76,83798,592-4759,"3,000-4,000"
7692,Costco #7692,330 Kayla Green,South Angelabury,3042.82,17516,549-7743,"3,000-4,000"
7743,Costco #7743,289 Margaret Viaduct Suite 649,East Tommy,3561.13,88681,829-3209,"3,000-4,000"
7790,Costco #7790,4094 Jesse Field,Mccallbury,3800.49,79506,103-1876,"3,000-4,000"
7835,Costco #7835,77922 Allen Pike Suite 072,South Davidview,3103.32,27625,919-6653,"3,000-4,000"
7855,Costco #7855,71924 Brandon Manors Apt. 862,Nelsonberg,3487.33,66484,112-8562,"3,000-4,000"
7892,Costco #7892,91631 Alicia Trail,Fosterburgh,3681.33,50452,416-9761,"3,000-4,000"
7895,Costco #7895,6304 Herrera Islands,South Rebeccabury,3760.77,15951,965-1899,"3,000-4,000"
7961,Costco #7961,611 Harrison Plain Apt. 156,West Denisemouth,3012.35,4742,916-5383,"3,000-4,000"
8025,Costco #8025,7261 Taylor Station,Anthonyfurt,3054.35,96113,446-3032,"3,000-4,000"
8057,Costco #8057,46773 Jessica Mission,Port Joshuaberg,3168.1,22244,643-1693,"3,000-4,000"
8066,Costco #8066,21184 Lee Divide Suite 523,Paceview,3773.02,45125,607-6565,"3,000-4,000"
8073,Costco #8073,774 Kimberly Inlet Suite 855,South Penny,3553.19,68831,105-2614,"3,000-4,000"
8088,Costco #8088,012 Wells Island Suite 995,Terriburgh,3721.84,60403,485-9930,"3,000-4,000"
8091,Costco #8091,56704 Oneal Dale Apt. 545,Port Judymouth,3319.76,37612,115-0707,"3,000-4,000"
8154,Costco #8154,7030 Mcgee Islands,East Derek,3111.08,39590,839-8714,"3,000-4,000"
8176,Costco #8176,721 Little Summit Suite 125,East Sheliabury,3587.43,29258,054-8800,"3,000-4,000"
8208,Costco #8208,11867 Russell Point,Lake Gloriaview,3060.6,44432,280-0905,"3,000-4,000"
8224,Costco #8224,973 Thomas Ports,Christopherfort,3080.28,79840,978-8007,"3,000-4,000"
8253,Costco #8253,006 Burns Harbor,South Dawnmouth,3036.18,96799,233-5332,"3,000-4,000"
8288,Costco #8288,0754 Parrish Ville,New Rebeccamouth,3554.59,79680,993-9428,"3,000-4,000"
8314,Costco #8314,2788 Jeremy Manors,Lake Joefort,3380.39,19070,001-0284,"3,000-4,000"
8323,Costco #8323,1937 Johnson Mission,Kimberlyfort,3290.59,96062,336-5286,"3,000-4,000"
8383,Costco #8383,077 Fred Road,Brownmouth,3914.49,62161,217-6312,"3,000-4,000"
8395,Costco #8395,0595 Robles Union Suite 031,New Sethberg,3165.01,15406,606-6088,"3,000-4,000"
8436,Costco #8436,9736 Patterson Curve Suite 358,Port Christinaton,3381.58,95682,733-5007,"3,000-4,000"
8444,Costco #8444,7122 Booker Path,Port Joshua,3329.8,77495,868-2633,"3,000-4,000"
8462,Costco #8462,21812 Tammy Inlet Suite 288,Hoffmanshire,3129.18,2751,696-8851,"3,000-4,000"
8466,Costco #8466,09690 Williams Stream Apt. 345,East Lucashaven,3244.34,1541,657-6013,"3,000-4,000"
8469,Costco #8469,4227 Phillips Plains Apt. 320,Lake Amber,3063.07,97025,706-1669,"3,000-4,000"
8526,Costco #8526,65015 Lisa Skyway,Port Gregory,3187.46,21525,650-7603,"3,000-4,000"
8614,Costco #8614,0361 Williams Falls Suite 417,Brianburgh,3653.22,42894,551-9098,"3,000-4,000"
8646,Costco #8646,2906 Paul Mission Apt. 394,Spencerhaven,3066.33,10077,360-9157,"3,000-4,000"
8672,Costco #8672,1591 Dunn Dam Suite 842,North John,3849.51,96113,607-3244,"3,000-4,000"
8678,Costco #8678,03458 Brian Ranch Suite 978,East Shane,3250.16,35549,646-4129,"3,000-4,000"
8699,Costco #8699,1363 Mark Prairie,Port Christopher,3819.01,58119,536-7520,"3,000-4,000"
8815,Costco #8815,9512 Ruiz Groves Apt. 270,New Tracy,3476.79,70724,471-4290,"3,000-4,000"
8821,Costco #8821,845 Stacey Common Apt. 964,New Travis,3468.78,37633,466-9324,"3,000-4,000"
8832,Costco #8832,8860 Paul Highway Apt. 064,New Danieltown,3589.39,46390,355-1308,"3,000-4,000"
8837,Costco #8837,6531 Pierce Harbor Apt. 198,Taylorside,3616.56,81520,996-7985,"3,000-4,000"
8899,Costco #8899,3716 Arnold Land,Jacksonburgh,3127.44,71978,415-9842,"3,000-4,000"
8957,Costco #8957,81715 Green Overpass Apt. 718,East Stephanie,3077.27,1451,356-6701,"3,000-4,000"
9073,Costco #9073,0018 Moon Mews,West Rhondatown,3487.12,86064,092-4956,"3,000-4,000"
9114,Costco #9114,24233 Derrick Canyon Suite 398,Davidshire,3735.33,81456,721-4051,"3,000-4,000"
9153,Costco #9153,270 Irwin Trail,Stevensonberg,3985.04,19813,680-8042,"3,000-4,000"
9189,Costco #9189,1427 Deborah Roads Suite 348,Powellchester,3402.5,70271,288-3609,"3,000-4,000"
9204,Costco #9204,1589 Matthew Course,New Zachary,3750.05,29717,452-8245,"3,000-4,000"
9224,Costco #9224,49460 Elizabeth Lane,Kelleyview,3029.66,6459,010-5533,"3,000-4,000"
9295,Costco #9295,14252 Flowers Plaza,East Teresashire,3442.94,8362,593-0077,"3,000-4,000"
9296,Costco #9296,84420 Smith Mountain,East Codyberg,3041.83,19802,076-5120,"3,000-4,000"
9317,Costco #9317,21520 Schaefer Glen Suite 882,Port Seanberg,3129.31,13494,355-2535,"3,000-4,000"
9322,Costco #9322,359 Williams Valley Apt. 260,Isabellaside,3987.18,10999,794-0935,"3,000-4,000"
9343,Costco #9343,737 Carroll Hollow Suite 793,West Lorraineberg,3383.18,91963,056-9498,"3,000-4,000"
9518,Costco #9518,9186 Heather Grove,Davidsonfort,3218.87,12869,981-8402,"3,000-4,000"
9538,Costco #9538,148 Jason Prairie,South Thomastown,3472.42,66583,705-5842,"3,000-4,000"
9543,Costco #9543,86178 Smith Dam,Bergmouth,3082.85,53153,804-1225,"3,000-4,000"
9563,Costco #9563,1322 Lozano Orchard Apt. 877,West Laura,3522.78,85607,242-4658,"3,000-4,000"
9607,Costco #9607,76213 Evans Underpass Apt. 285,New Dana,3460.42,7634,702-2818,"3,000-4,000"
9622,Costco #9622,29479 Woods Lodge,South Jamesfurt,3729.75,11901,891-7137,"3,000-4,000"
9687,Costco #9687,4419 Rojas Stravenue,South Adamfurt,3522.65,82673,472-5306,"3,000-4,000"
9711,Costco #9711,07985 Anderson Forks Apt. 040,Port Monica,3606.01,42023,073-2136,"3,000-4,000"
9769,Costco #9769,43322 Tina Drive Suite 663,North Lindsey,3415.96,72172,320-0402,"3,000-4,000"
9782,Costco #9782,3461 Montgomery Mountains Suite 269,Danielhaven,3581.29,21380,186-1367,"3,000-4,000"
9795,Costco #9795,058 Jennifer Brooks,Phelpsmouth,3206.57,1805,536-5963,"3,000-4,000"
9823,Costco #9823,844 Tammy Viaduct,Port Sharon,3382.22,34753,842-2233,"3,000-4,000"
9835,Costco #9835,5170 Tiffany Isle Apt. 894,Reynoldsside,3747.79,76088,253-1809,"3,000-4,000"
9861,Costco #9861,5542 Joshua Trail,New Hannah,3699.06,92850,837-7488,"3,000-4,000"
9895,Costco #9895,90567 Allison Street,South Johnmouth,3725.01,26549,966-9516,"3,000-4,000"
9903,Costco #9903,915 Mendez Gateway Apt. 877,Heatherton,3173.72,93002,362-0645,"3,000-4,000"
9947,Costco #9947,965 Peggy Route,Jamesview,3651.58,99040,336-3967,"3,000-4,000"
9961,Costco #9961,2980 Richardson Lodge Suite 186,Joanbury,3686.42,14791,960-8320,"3,000-4,000"
1015,Costco #1015,53795 Kim Views Suite 841,Port Rodney,2879.86,37036,192-4450,"2,000-3,000"
1023,Costco #1023,128 Michael Mall,North Sean,2326.81,32393,714-1864,"2,000-3,000"
1028,Costco #1028,5786 Shawn Plains,Port Angela,2979.4,58987,302-7112,"2,000-3,000"
1073,Costco #1073,658 Tracy Squares,Danside,2024.89,72610,925-2382,"2,000-3,000"
1162,Costco #1162,9236 Dylan Circle Suite 126,Tylermouth,2364.03,48727,899-1357,"2,000-3,000"
1208,Costco #1208,957 Curry Tunnel Suite 178,Johnburgh,2533.24,94764,632-9127,"2,000-3,000"
1266,Costco #1266,300 Williams Meadows Suite 637,Lindabury,2649.72,82358,094-5277,"2,000-3,000"
1422,Costco #1422,83410 Bradford Lane,Vanessaborough,2971.28,6065,409-7451,"2,000-3,000"
1460,Costco #1460,78597 Johnson Junction Suite 228,Mcguireview,2638.55,19116,066-4627,"2,000-3,000"
1495,Costco #1495,258 Johnson Crossroad,Amystad,2379.5,31860,838-2104,"2,000-3,000"
1533,Costco #1533,9052 Wilson Rest Suite 943,New Laura,2410.47,17778,334-5534,"2,000-3,000"
1602,Costco #1602,53466 Joann Drive,Armstrongton,2214.94,65973,451-6288,"2,000-3,000"
1636,Costco #1636,4235 Nina Stravenue,Janetmouth,2678.44,58712,513-8329,"2,000-3,000"
1654,Costco #1654,1221 Gonzales Springs Apt. 790,Mcdanielfurt,2449.06,61949,270-3497,"2,000-3,000"
1665,Costco #1665,635 Summers Meadows,North Kimberlychester,2197.28,75705,833-7726,"2,000-3,000"
1754,Costco #1754,445 Brenda Way Suite 796,New James,2715.04,54517,942-5236,"2,000-3,000"
1767,Costco #1767,1010 Krystal Gateway,Lake Tina,2477.78,60161,737-9415,"2,000-3,000"
1778,Costco #1778,85028 Gonzales Overpass,East Mikaylaville,2738.13,27845,292-4604,"2,000-3,000"
1799,Costco #1799,344 Sara Bypass,North Michaelland,2240.35,38056,034-6498,"2,000-3,000"
1901,Costco #1901,580 Paula Spring,Kylemouth,2205.91,67451,033-6597,"2,000-3,000"
1922,Costco #1922,008 Jackson Inlet Apt. 882,West Kimberly,2712.11,1217,782-8816,"2,000-3,000"
1936,Costco #1936,952 Williams Port Apt. 252,Cortezfort,2319.37,96065,838-9334,"2,000-3,000"
1941,Costco #1941,68225 Nicholas Forge,West Michelleberg,2897.21,78070,397-1934,"2,000-3,000"
2009,Costco #2009,7996 Hoover Inlet,Lake Rick,2805.58,70149,586-6925,"2,000-3,000"
2153,Costco #2153,49973 Shields Drives Apt. 774,East Ashley,2650.53,20645,852-5913,"2,000-3,000"
2168,Costco #2168,45596 James Parkways,Tylerland,2948.62,91251,249-6485,"2,000-3,000"
2216,Costco #2216,527 Andrew Springs,South Larrymouth,2116.44,9098,129-0207,"2,000-3,000"
2220,Costco #2220,4352 Beasley Unions,West Troy,2690.31,10203,404-8125,"2,000-3,000"
2249,Costco #2249,713 Burns Trail Suite 698,Jonmouth,2205.22,15250,053-9441,"2,000-3,000"
2323,Costco #2323,568 Desiree Bypass Suite 778,Michaelside,2452.43,48308,997-6225,"2,000-3,000"
2340,Costco #2340,51825 Morgan Drive,Cherryland,2595.9,94770,635-1359,"2,000-3,000"
2366,Costco #2366,293 Curtis Field,East Amanda,2676.36,12136,054-2976,"2,000-3,000"
2499,Costco #2499,5023 Stacy Bypass,Jasmineview,2764.86,75167,443-6610,"2,000-3,000"
2585,Costco #2585,604 Robert Oval Apt. 663,Alexandraland,2057.01,19404,375-9519,"2,000-3,000"
2627,Costco #2627,833 Debbie Key Suite 458,West Shirleyport,2670.86,80870,374-9971,"2,000-3,000"
2679,Costco #2679,88441 Monique Villages,North Kevinfort,2740.02,13745,346-2519,"2,000-3,000"
2704,Costco #2704,62814 Nathaniel Prairie Apt. 829,Williamsside,2637.86,2370,795-0470,"2,000-3,000"
2705,Costco #2705,32066 Oneal Greens Apt. 642,Port Lisaview,2706.23,83586,708-1748,"2,000-3,000"
2712,Costco #2712,998 Amanda Station,North Lisaton,2444.76,13272,631-6525,"2,000-3,000"
2747,Costco #2747,0873 Richard Ridge,Hernandezbury,2680.7,4374,021-2734,"2,000-3,000"
2814,Costco #2814,408 Lori Groves Suite 540,Davidbury,2033.09,69048,416-3398,"2,000-3,000"
2843,Costco #2843,618 Davis Forge Apt. 449,North Ryan,2137.03,2285,550-0220,"2,000-3,000"
2856,Costco #2856,037 Ross Island Suite 046,Clarkside,2910.13,7822,966-7956,"2,000-3,000"
2903,Costco #2903,776 Tony Terrace Apt. 631,Armstrongchester,2929.06,65556,024-4604,"2,000-3,000"
2915,Costco #2915,5276 Rogers Island Suite 912,Laurenton,2696.62,8236,931-1584,"2,000-3,000"
2990,Costco #2990,3594 Scott Hills Suite 554,New Jessebury,2860.96,3315,683-4297,"2,000-3,000"
3131,Costco #3131,41197 Anne Burgs Suite 794,East Patrick,2948.89,34904,802-6367,"2,000-3,000"
3169,Costco #3169,768 Ferrell Points Apt. 915,Deborahfort,2713.43,4178,952-2745,"2,000-3,000"
3266,Costco #3266,9327 Knight Mountains Apt. 565,Lake Tammy,2049.43,51962,900-6826,"2,000-3,000"
3294,Costco #3294,3617 Tina Square Suite 267,East Lauraview,2205.36,54577,861-4410,"2,000-3,000"
3315,Costco #3315,66145 Cook Squares,West Matthew,2517.22,73605,451-4459,"2,000-3,000"
3330,Costco #3330,61132 Ruiz Fort,Davidmouth,2769.67,48765,457-3412,"2,000-3,000"
3430,Costco #3430,83695 Joshua Gardens,Port Katieside,2790.55,33920,648-8866,"2,000-3,000"
3437,Costco #3437,10304 Miller Villages Suite 411,Garrettbury,2059.24,16680,442-8700,"2,000-3,000"
3444,Costco #3444,89471 Ward Lodge,East Daniel,2930.35,45542,633-9929,"2,000-3,000"
3503,Costco #3503,2355 David Green,Jesusville,2266.18,10792,942-9834,"2,000-3,000"
3575,Costco #3575,118 Sarah Crescent Suite 725,West Michelleburgh,2949.48,40911,610-8368,"2,000-3,000"
3649,Costco #3649,6307 Matthew Spurs Apt. 044,West Haley,2736.56,20061,141-7865,"2,000-3,000"
3681,Costco #3681,656 Brenda Stravenue,Thorntonbury,2508.96,5374,330-2522,"2,000-3,000"
3691,Costco #3691,37671 Belinda Meadow Apt. 621,Bradleyville,2208.5,8687,104-7384,"2,000-3,000"
3694,Costco #3694,802 Rodriguez Flats Suite 269,Nathanieltown,2131.35,56696,176-1971,"2,000-3,000"
3732,Costco #3732,1149 Joseph Street,West Timothyshire,2285.29,30162,396-3561,"2,000-3,000"
3742,Costco #3742,104 Elizabeth Wells Suite 386,East Michael,2551.34,94100,324-3411,"2,000-3,000"
3767,Costco #3767,17362 Marc Path,South Adamfort,2957.2,40368,012-4006,"2,000-3,000"
3769,Costco #3769,1041 Clay Drive Apt. 278,Joshuachester,2436.53,60614,590-0652,"2,000-3,000"
3801,Costco #3801,5298 Rodriguez Well Apt. 607,East Kevinmouth,2929.62,7914,295-8293,"2,000-3,000"
3814,Costco #3814,5239 Lisa Cliff,West Gregory,2366.87,14490,586-2109,"2,000-3,000"
3845,Costco #3845,24802 Mark Tunnel,Vaughnland,2180.34,79080,879-4495,"2,000-3,000"
3946,Costco #3946,49172 Erik Islands,Port Markstad,2763.92,22569,512-2961,"2,000-3,000"
3954,Costco #3954,6406 Jenkins Club Suite 713,South Kyle,2264.73,33405,750-3328,"2,000-3,000"
3974,Costco #3974,97826 Lisa Circles,South Douglasmouth,2712.42,59671,408-4139,"2,000-3,000"
3993,Costco #3993,649 Johnson Harbors,West Joshua,2565.59,62241,775-5068,"2,000-3,000"
4003,Costco #4003,73183 Nash Station,Myersmouth,2474.08,47746,182-7894,"2,000-3,000"
4043,Costco #4043,65438 Katrina Burgs,Lake Sarahland,2244.53,70415,587-8863,"2,000-3,000"
4068,Costco #4068,10085 Barbara Underpass Suite 821,Lake Robin,2786.94,46080,010-8482,"2,000-3,000"
4153,Costco #4153,8169 Hubbard Expressway,North Christinafort,2120.17,38864,062-7345,"2,000-3,000"
4154,Costco #4154,147 Martin Mills Apt. 015,Port Angelaberg,2979.88,31120,065-3246,"2,000-3,000"
4209,Costco #4209,30226 Robert Hollow Apt. 739,Christopherfort,2358.83,36362,366-7624,"2,000-3,000"
4232,Costco #4232,75239 Melanie Forest Apt. 495,Derrickberg,2861.77,54826,527-0158,"2,000-3,000"
4306,Costco #4306,46000 Renee Inlet,Goodmouth,2271.66,81808,911-1989,"2,000-3,000"
4329,Costco #4329,6437 Pierce Hollow,Wattsfort,2343.49,36899,835-5039,"2,000-3,000"
4397,Costco #4397,2876 Antonio Cape,Branchfurt,2796.15,8475,296-9651,"2,000-3,000"
4413,Costco #4413,11614 Jessica Viaduct,Lake Nichole,2277.5,73821,696-9616,"2,000-3,000"
4425,Costco #4425,5583 Jennifer Coves Suite 950,Michaelmouth,2578.08,57472,999-1713,"2,000-3,000"
4477,Costco #4477,98378 Wright Ford,Williamview,2290.28,66608,734-6854,"2,000-3,000"
4490,Costco #4490,869 Sanchez Hill Apt. 794,Port Joseph,2656.79,39716,592-7944,"2,000-3,000"
4549,Costco #4549,901 Brown Burgs Suite 080,East Abigail,2448.61,79196,453-7507,"2,000-3,000"
4579,Costco #4579,249 Danny Valleys Apt. 086,Christopherburgh,2159.12,34227,003-4729,"2,000-3,000"
4600,Costco #4600,2085 Smith Course,Lake Jasminside,2846.1,44752,775-8734,"2,000-3,000"
4714,Costco #4714,4351 Little Walk,North Vernon,2641.2,79603,136-9411,"2,000-3,000"
4784,Costco #4784,78001 Velazquez Springs Suite 967,Port Tylerland,2704.84,23073,514-8289,"2,000-3,000"
4896,Costco #4896,129 Aaron Tunnel,Kellieton,2822.08,90606,836-6896,"2,000-3,000"
4910,Costco #4910,352 Lisa Pike Apt. 228,Lake Isabellaside,2703.52,14502,093-9751,"2,000-3,000"
4966,Costco #4966,18948 Lamb Station,South Richardland,2554.95,49157,306-7096,"2,000-3,000"
4968,Costco #4968,647 Jacobs Stream Apt. 277,South Brian,2574.1,58180,059-4846,"2,000-3,000"
5046,Costco #5046,43156 Munoz Cliffs,West Mark,2282.86,89224,368-2757,"2,000-3,000"
5055,Costco #5055,762 Munoz Union,New Christopher,2219.87,82871,960-6126,"2,000-3,000"
5101,Costco #5101,14544 Angela Street Suite 754,East Leslie,2064.41,24220,186-0899,"2,000-3,000"
5115,Costco #5115,06936 Lopez Pines,Amyville,2778.9,11363,576-7310,"2,000-3,000"
5300,Costco #5300,901 Reginald Summit Suite 293,New Erinchester,2897.04,18180,410-9296,"2,000-3,000"
5310,Costco #5310,558 Michelle Underpass Suite 876,South Elizabethshire,2686.67,86086,364-9184,"2,000-3,000"
5315,Costco #5315,93808 Bethany Run Apt. 831,Conleyport,2993.8,25905,444-7800,"2,000-3,000"
5328,Costco #5328,339 Michael Ville Apt. 294,Heatherfurt,2144.55,31573,264-6459,"2,000-3,000"
5377,Costco #5377,87001 Laurie Harbor Suite 073,Hernandeztown,2541.64,93416,194-6916,"2,000-3,000"
5391,Costco #5391,91235 Clark Fork,Andrewland,2396.22,68891,611-4136,"2,000-3,000"
5410,Costco #5410,22964 Thompson Parkway,Lopeztown,2442.24,86692,489-7600,"2,000-3,000"
5446,Costco #5446,890 George Trail Suite 228,North Markfort,2974.88,58313,661-2603,"2,000-3,000"
5457,Costco #5457,3128 Krystal Lane,Shieldshaven,2437.9,42858,977-7690,"2,000-3,000"
5465,Costco #5465,758 Jennifer Rapid Suite 772,Harperchester,2902.95,50835,552-6070,"2,000-3,000"
5475,Costco #5475,07201 Kaitlyn Manors Suite 554,New Laura,2878.97,80762,385-8124,"2,000-3,000"
5478,Costco #5478,149 Mckinney Station,Port Robert,2214.79,62387,540-1483,"2,000-3,000"
5535,Costco #5535,092 Anna Cape Suite 255,Jeremytown,2684.06,32086,034-9366,"2,000-3,000"
5613,Costco #5613,7854 Elizabeth Divide Suite 366,Marthabury,2483.62,48849,458-2864,"2,000-3,000"
5641,Costco #5641,608 Michelle Walk,North Janet,2078.08,95783,693-6272,"2,000-3,000"
5659,Costco #5659,7462 Laura Oval,Fordburgh,2967.22,97938,468-1058,"2,000-3,000"
5766,Costco #5766,2631 Adams Manor,West Tracy,2832.27,67729,447-0226,"2,000-3,000"
5805,Costco #5805,095 Jimmy Coves,West Brian,2503.17,46819,890-7638,"2,000-3,000"
5982,Costco #5982,35542 Anita Cove Suite 553,Blackburnmouth,2812,53315,487-5121,"2,000-3,000"
6000,Costco #6000,7503 Tina Vista,Jasonburgh,2418.4,49167,786-5556,"2,000-3,000"
6019,Costco #6019,93355 Paul Field Apt. 466,South Miguel,2921.8,28551,133-7417,"2,000-3,000"
6031,Costco #6031,76356 Patterson Parkway Suite 889,Davidton,2333.58,83630,188-8792,"2,000-3,000"
6047,Costco #6047,0788 Stephanie Oval Suite 221,East John,2224.63,31529,107-0249,"2,000-3,000"
6048,Costco #6048,9877 Tucker Land Suite 667,Jamieport,2783.81,67520,485-3916,"2,000-3,000"
6083,Costco #6083,053 Karen Inlet Apt. 907,New Jessicachester,2386.13,75434,434-0359,"2,000-3,000"
6119,Costco #6119,055 Weaver Port,West Jamesfurt,2980.85,5236,949-9815,"2,000-3,000"
6120,Costco #6120,469 Paul Spur Suite 129,Morrisonland,2392.74,74823,804-8329,"2,000-3,000"
6124,Costco #6124,9423 Ashley Ford,Amandaborough,2509.19,96657,910-5798,"2,000-3,000"
6151,Costco #6151,5457 Murphy Tunnel Apt. 851,Campbellmouth,2520.2,83809,607-2325,"2,000-3,000"
6201,Costco #6201,63859 Scott Underpass,East Jacob,2558.16,52096,099-8193,"2,000-3,000"
6242,Costco #6242,4043 Ramos Wall,North Richardmouth,2617.97,77393,124-9892,"2,000-3,000"
6344,Costco #6344,581 Gould Inlet Suite 897,Morganburgh,2526.5,16309,453-3812,"2,000-3,000"
6391,Costco #6391,378 Mitchell Isle,Lake Katherinetown,2755.08,75806,839-3144,"2,000-3,000"
6427,Costco #6427,103 Harmon Knolls,South Jason,2012.52,2073,846-3319,"2,000-3,000"
6478,Costco #6478,0868 Matthew Glens Apt. 509,New Shelby,2149.73,39323,257-4668,"2,000-3,000"
6524,Costco #6524,723 Dennis Canyon Suite 688,Seanfort,2325.18,83318,098-0538,"2,000-3,000"
6531,Costco #6531,35202 Martin Dale,Freemanport,2328.4,28534,008-9918,"2,000-3,000"
6648,Costco #6648,5835 Flynn Loop,West Bryan,2997.8,32013,190-4638,"2,000-3,000"
6652,Costco #6652,42063 Martinez Skyway,New Douglasville,2010.29,35172,053-8157,"2,000-3,000"
6670,Costco #6670,749 Joseph Estates,North Candace,2578.71,60452,854-8375,"2,000-3,000"
6724,Costco #6724,216 Houston Loaf,Jordanshire,2686.76,98300,891-1241,"2,000-3,000"
6769,Costco #6769,9454 Valerie Stream,East Allisonview,2933.82,19301,485-4525,"2,000-3,000"
6776,Costco #6776,944 Brenda Pass Suite 337,Port Crystalport,2508.26,31848,009-2917,"2,000-3,000"
6847,Costco #6847,658 Aguilar Meadows,New Juan,2950.44,65726,120-8276,"2,000-3,000"
6871,Costco #6871,521 Wilkerson Garden,Weberberg,2091.76,89774,328-3667,"2,000-3,000"
6918,Costco #6918,9792 Carrie Prairie Apt. 414,Robinport,2487.77,10710,771-5767,"2,000-3,000"
6991,Costco #6991,7494 Estes Mission,Maryton,2780.23,4217,983-8339,"2,000-3,000"
7001,Costco #7001,4344 Kayla Rest Apt. 043,South Kevinmouth,2544.28,20979,607-8741,"2,000-3,000"
7006,Costco #7006,8971 Smith Gardens,West Annafurt,2186.58,56887,803-5095,"2,000-3,000"
7023,Costco #7023,71681 Cameron Pines,Josephmouth,2961.79,28491,978-1092,"2,000-3,000"
7031,Costco #7031,2806 Andrea Valley,West Ethan,2522.51,32241,651-7256,"2,000-3,000"
7034,Costco #7034,241 Gary Forks Apt. 079,Teresaville,2508.13,35187,322-0768,"2,000-3,000"
7228,Costco #7228,8749 Nunez Villages Apt. 579,Shortmouth,2113.38,37604,203-3685,"2,000-3,000"
7276,Costco #7276,57361 Francis Locks,Lake Evelynburgh,2010.2,20596,786-7113,"2,000-3,000"
7294,Costco #7294,97656 Hill Estates Apt. 501,Ortizhaven,2573.88,88451,951-5588,"2,000-3,000"
7300,Costco #7300,738 John Shoals Suite 418,Hoffmantown,2756.98,28688,465-8611,"2,000-3,000"
7302,Costco #7302,975 Duncan Hollow,South Lauriestad,2943.84,94917,235-9500,"2,000-3,000"
7337,Costco #7337,792 Anna Garden Apt. 659,Port Allison,2252.36,7664,622-1606,"2,000-3,000"
7350,Costco #7350,17811 Roberson Rapids,Melindaton,2307.23,59502,384-4100,"2,000-3,000"
7353,Costco #7353,14524 Sara Via Apt. 181,West Ericmouth,2681.86,62822,619-3836,"2,000-3,000"
7358,Costco #7358,826 Holmes Stravenue Apt. 752,Jameshaven,2073.26,60428,103-9429,"2,000-3,000"
7437,Costco #7437,54022 Lindsey Mission,East Kaylafort,2628.63,17157,818-4738,"2,000-3,000"
7572,Costco #7572,162 Page Manor,New Katherine,2623.72,55278,735-0227,"2,000-3,000"
7581,Costco #7581,2002 Perez Village,Geraldview,2193.03,96893,529-0759,"2,000-3,000"
7610,Costco #7610,3817 Amanda Run Apt. 619,Port Hannah,2728.57,18604,991-2350,"2,000-3,000"
7662,Costco #7662,98265 Wyatt Extensions Suite 508,Gainesborough,2584.33,39788,960-8680,"2,000-3,000"
7673,Costco #7673,471 Kevin Rapids Suite 546,Estesmouth,2144.33,27420,721-2439,"2,000-3,000"
7678,Costco #7678,8513 Russo Junction Apt. 554,Jamestown,2944.22,60496,080-2020,"2,000-3,000"
7697,Costco #7697,409 Cindy Hollow,Jamieborough,2419.42,43449,248-5683,"2,000-3,000"
7780,Costco #7780,368 May Neck,Alexandriastad,2460.34,89830,334-9607,"2,000-3,000"
7813,Costco #7813,1316 Taylor Circles,South Amandatown,2494.17,94023,599-3403,"2,000-3,000"
7842,Costco #7842,26357 Kristie Ranch Suite 946,West Beth,2739.2,78792,295-6791,"2,000-3,000"
7863,Costco #7863,80420 Marcus Drives,Lake Kristopherfurt,2548.59,91243,746-4339,"2,000-3,000"
7897,Costco #7897,348 Pena Vista Apt. 895,Jonathonmouth,2565.02,35612,806-4515,"2,000-3,000"
7924,Costco #7924,6724 Henry Villages,Brownton,2477.87,37263,164-8666,"2,000-3,000"
7962,Costco #7962,77313 Jill Creek Apt. 587,Patriciaville,2649.52,38601,921-5693,"2,000-3,000"
7995,Costco #7995,860 Green Plaza Apt. 174,Kimchester,2930.7,68117,506-2379,"2,000-3,000"
8007,Costco #8007,2915 Gross Square,North Julieport,2272.61,71974,112-3041,"2,000-3,000"
8011,Costco #8011,7791 Cody Throughway,Wattsport,2253.69,28886,842-9250,"2,000-3,000"
8053,Costco #8053,0011 Robert Centers,Tracyport,2540.48,31520,821-0943,"2,000-3,000"
8056,Costco #8056,539 Andrea Plaza,Zimmermanview,2521.07,29459,835-6154,"2,000-3,000"
8082,Costco #8082,73063 Yoder Flats Apt. 126,New Melvinberg,2380.58,77555,400-8608,"2,000-3,000"
8100,Costco #8100,628 Angela Glen Apt. 839,New Carly,2304.74,5400,780-5565,"2,000-3,000"
8105,Costco #8105,95948 Matthew Corners,Port Isabella,2190.28,87667,178-5214,"2,000-3,000"
8123,Costco #8123,6093 Gregory Spur Apt. 197,Moorehaven,2667.58,27130,390-4313,"2,000-3,000"
8139,Costco #8139,29211 Jeffrey Garden,East Claudiashire,2291.17,43569,966-2442,"2,000-3,000"
8164,Costco #8164,56447 Kathryn Estates Apt. 441,West Ashley,2811.46,21877,430-3731,"2,000-3,000"
8177,Costco #8177,643 Alexis Meadows Suite 887,Lake Anthonychester,2396.79,18965,201-5789,"2,000-3,000"
8186,Costco #8186,4864 Jenkins Parks,Douglasville,2886.48,21219,064-8494,"2,000-3,000"
8228,Costco #8228,99786 Quinn Loop Suite 137,East Karen,2566.35,70901,502-6309,"2,000-3,000"
8250,Costco #8250,701 Kaufman Station,Nancyport,2015.16,96689,527-8237,"2,000-3,000"
8307,Costco #8307,46529 Faulkner Street,East Renee,2795.09,8594,637-8007,"2,000-3,000"
8353,Costco #8353,3174 Alyssa Cliffs,Freyhaven,2875.73,50686,017-7611,"2,000-3,000"
8360,Costco #8360,63944 Harris Wells,Schneiderport,2099.78,73221,360-2665,"2,000-3,000"
8370,Costco #8370,7645 Alyssa Centers,Benjaminchester,2089.97,15921,139-3512,"2,000-3,000"
8446,Costco #8446,01688 Luke Flats,Vincentmouth,2220.72,85676,518-5863,"2,000-3,000"
8449,Costco #8449,0189 Lisa Streets Apt. 987,Ibarraburgh,2342.97,24771,898-7977,"2,000-3,000"
8468,Costco #8468,281 Amy Creek,Bishopton,2614.84,74654,056-3799,"2,000-3,000"
8481,Costco #8481,698 Frye Circles,Lake Lee,2765.28,31407,046-0852,"2,000-3,000"
8546,Costco #8546,82151 Warren Forks Suite 189,East Edwardbury,2248.84,37135,642-1597,"2,000-3,000"
8649,Costco #8649,7124 Michael Fields,Lake Martha,2650.58,35530,778-8993,"2,000-3,000"
8652,Costco #8652,929 Heather Fields Apt. 912,Lake Hollyborough,2894.4,24532,385-1760,"2,000-3,000"
8661,Costco #8661,30167 Christopher Gardens,South Larry,2493.44,77513,667-5562,"2,000-3,000"
8666,Costco #8666,439 Watson Fields Apt. 012,Port James,2146.51,700,738-5810,"2,000-3,000"
8704,Costco #8704,65022 Rebecca Hill,Jennaville,2712.72,27594,666-7817,"2,000-3,000"
8707,Costco #8707,280 Luis Summit,Port Victoriaton,2151.8,7819,020-9862,"2,000-3,000"
8717,Costco #8717,48007 Snyder Via,Mitchellmouth,2480.07,97408,271-2470,"2,000-3,000"
8844,Costco #8844,9371 Robertson Wells Apt. 832,West Tina,2660.64,83537,241-8337,"2,000-3,000"
8867,Costco #8867,237 Clarke Ports Suite 261,North Donnafort,2433.78,75167,582-3701,"2,000-3,000"
8883,Costco #8883,763 Bradley Islands,Andersonstad,2629.87,21803,671-3154,"2,000-3,000"
8890,Costco #8890,11671 Newton Dale,Jamesberg,2930.49,49253,354-7026,"2,000-3,000"
8920,Costco #8920,35533 Cain Village Suite 976,Port Jamesside,2796.2,16135,764-0170,"2,000-3,000"
8989,Costco #8989,77797 Kennedy Mountain Suite 940,Donnaport,2189.86,32436,345-3144,"2,000-3,000"
9061,Costco #9061,54535 Michael Landing Suite 605,Sharonchester,2634.37,45821,351-3629,"2,000-3,000"
9097,Costco #9097,20317 Pittman Station,Chelseaborough,2429.79,10601,319-4680,"2,000-3,000"
9202,Costco #9202,6196 Dean Views,Port Derek,2603.54,26544,670-4568,"2,000-3,000"
9241,Costco #9241,2651 Anthony Creek Suite 064,Taylorhaven,2879.98,92892,275-1060,"2,000-3,000"
9281,Costco #9281,1461 Harrell Valleys Suite 284,Port Randyview,2676.7,50934,581-9809,"2,000-3,000"
9286,Costco #9286,16429 Ryan Heights,Parrishmouth,2418.92,70552,505-9673,"2,000-3,000"
9310,Costco #9310,312 Owens Overpass Suite 483,West Cheyenne,2631.18,81521,643-7605,"2,000-3,000"
9319,Costco #9319,958 Catherine Trail,Johnsonberg,2754.7,30169,337-1370,"2,000-3,000"
9365,Costco #9365,4594 Galvan Street Apt. 039,Samuelport,2155.08,96406,132-4179,"2,000-3,000"
9431,Costco #9431,08565 Elizabeth Spring,North Michael,2590.51,45200,862-5357,"2,000-3,000"
9509,Costco #9509,5678 Mike Well,East Rachel,2057.84,95611,376-3614,"2,000-3,000"
9534,Costco #9534,407 Oconnor Trafficway,Peggystad,2009,74102,466-8799,"2,000-3,000"
9571,Costco #9571,7304 Clark Route Apt. 513,West Laura,2630.68,31445,158-9801,"2,000-3,000"
9598,Costco #9598,3043 Nicholas Corner,South Robertchester,2267.05,34948,125-2816,"2,000-3,000"
9660,Costco #9660,6944 Rebecca Viaduct Suite 926,East Elizabeth,2095.87,46340,619-9056,"2,000-3,000"
9684,Costco #9684,266 Brian Terrace,Port Karenport,2745.95,48240,531-7616,"2,000-3,000"
9784,Costco #9784,120 Linda Crossroad Apt. 184,Lambertburgh,2381.03,63118,952-7149,"2,000-3,000"
9853,Costco #9853,751 Gregory Knolls,Cardenasshire,2850.27,60694,313-9993,"2,000-3,000"
9946,Costco #9946,79243 Lambert Summit Apt. 402,Lake Lisaville,2241.79,35254,375-6393,"2,000-3,000"
9965,Costco #9965,710 Mariah Parkway Suite 437,Caitlinborough,2460.96,63428,920-6784,"2,000-3,000"
